point,parameter,parameter_value,is_baseline,generations,food_site_count,food_site_width,food_site_capacity,food_value,vertical_comb_benefit,food_site_max_distance,travel_cost_per_distance,mutation_sd,transposition_mutation_correlation,seed,comparison_group,outcome,stable_vertical_gravity,reached_gravity,retained_vertical,collapsed,gravity_reach_generation,vertical_reach_generation,partial_tilt_generation,partial_transposition_generation,max_comb_tilt,max_comb_tilt_generation,max_min_transposition,max_min_transposition_generation,min_success,min_success_generation,final_directional_bias,final_attention,final_sender_transposition,final_receiver_transposition,final_min_transposition,final_transposition_gap,final_comb_tilt,final_success,final_payoff,elapsed_seconds
generations_240_alpha_0p1_mut_0p075_rho_0p3,generations,240,false,240,8,0.270,9,1.000,0.100,6.500,0.055,0.075,0.300,306,unsuccessful,flat,false,false,false,false,not_reached,not_reached,not_reached,29,0.396,234,0.327,148,0.168,0,0.798,0.677,0.254,0.208,0.208,0.046,0.239,0.566,3.561,238.816
generations_240_alpha_0p1_mut_0p075_rho_0p3,generations,240,false,240,8,0.270,9,1.000,0.100,6.500,0.055,0.075,0.300,315,unsuccessful,flat,false,false,false,false,not_reached,not_reached,not_reached,128,0.377,40,0.331,216,0.167,0,0.855,0.861,0.159,0.187,0.159,0.028,0.183,0.588,3.886,239.545
generations_240_alpha_0p1_mut_0p075_rho_0p3,generations,240,false,240,8,0.270,9,1.000,0.100,6.500,0.055,0.075,0.300,308,unsuccessful,partial_transposition,false,false,false,false,not_reached,not_reached,not_reached,81,0.343,78,0.386,85,0.173,0,0.766,0.853,0.252,0.453,0.252,0.201,0.133,0.587,3.857,239.871
generations_240_alpha_0p1_mut_0p075_rho_0p3,generations,240,false,240,8,0.270,9,1.000,0.100,6.500,0.055,0.075,0.300,304,unsuccessful,partial_transposition,false,false,false,false,not_reached,not_reached,not_reached,19,0.325,36,0.391,189,0.165,0,0.803,0.843,0.292,0.316,0.292,0.023,0.245,0.567,3.747,240.513
generations_240_alpha_0p1_mut_0p075_rho_0p3,generations,240,false,240,8,0.270,9,1.000,0.100,6.500,0.055,0.075,0.300,302,unsuccessful,flat,false,false,false,false,not_reached,not_reached,not_reached,27,0.315,130,0.407,40,0.160,0,0.820,0.829,0.219,0.331,0.219,0.112,0.176,0.597,3.974,240.713
generations_240_alpha_0p1_mut_0p075_rho_0p3,generations,240,false,240,8,0.270,9,1.000,0.100,6.500,0.055,0.075,0.300,300,unsuccessful,partial_transposition,false,false,false,false,not_reached,not_reached,25,19,0.688,35,0.369,126,0.153,0,0.820,0.825,0.288,0.332,0.288,0.045,0.113,0.583,3.886,241.588
generations_240_alpha_0p1_mut_0p075_rho_0p3,generations,240,false,240,8,0.270,9,1.000,0.100,6.500,0.055,0.075,0.300,309,unsuccessful,flat,false,false,false,false,not_reached,not_reached,not_reached,26,0.274,238,0.373,33,0.166,0,0.812,0.794,0.309,0.125,0.125,0.184,0.248,0.561,3.650,241.760
generations_240_alpha_0p1_mut_0p075_rho_0p3,generations,240,false,240,8,0.270,9,1.000,0.100,6.500,0.055,0.075,0.300,312,unsuccessful,partial_transposition,false,false,false,false,not_reached,not_reached,23,26,0.524,23,0.411,43,0.158,0,0.778,0.836,0.345,0.330,0.330,0.014,0.130,0.573,3.725,243.805
generations_240_alpha_0p1_mut_0p075_rho_0p3,generations,240,false,240,8,0.270,9,1.000,0.100,6.500,0.055,0.075,0.300,310,unsuccessful,flat,false,false,false,false,not_reached,not_reached,not_reached,17,0.476,43,0.353,175,0.166,0,0.813,0.777,0.156,0.257,0.156,0.102,0.166,0.589,3.843,244.173
generations_240_alpha_0p1_mut_0p075_rho_0p3,generations,240,false,240,8,0.270,9,1.000,0.100,6.500,0.055,0.075,0.300,313,unsuccessful,flat,false,false,false,false,not_reached,not_reached,not_reached,29,0.309,240,0.447,169,0.162,0,0.768,0.801,0.230,0.213,0.213,0.017,0.309,0.572,3.686,244.687
generations_240_alpha_0p1_mut_0p075_rho_0p3,generations,240,false,240,8,0.270,9,1.000,0.100,6.500,0.055,0.075,0.300,311,unsuccessful,flat,false,false,false,false,not_reached,not_reached,not_reached,22,0.390,67,0.444,66,0.176,0,0.767,0.733,0.219,0.247,0.219,0.028,0.210,0.577,3.708,245.058
generations_240_alpha_0p1_mut_0p075_rho_0p3,generations,240,false,240,8,0.270,9,1.000,0.100,6.500,0.055,0.075,0.300,303,unsuccessful,flat,false,false,false,false,not_reached,not_reached,not_reached,27,0.371,39,0.302,164,0.168,0,0.878,0.833,0.113,0.171,0.113,0.058,0.216,0.596,3.978,245.264
generations_240_alpha_0p1_mut_0p075_rho_0p3,generations,240,false,240,8,0.270,9,1.000,0.100,6.500,0.055,0.075,0.300,314,unsuccessful,flat,false,false,false,false,not_reached,not_reached,not_reached,65,0.305,29,0.351,195,0.165,0,0.756,0.855,0.276,0.188,0.188,0.088,0.135,0.590,3.923,246.444
generations_240_alpha_0p1_mut_0p075_rho_0p3,generations,240,false,240,8,0.270,9,1.000,0.100,6.500,0.055,0.075,0.300,301,unsuccessful,flat,false,false,false,false,not_reached,not_reached,not_reached,28,0.266,105,0.347,80,0.155,0,0.864,0.894,0.094,0.303,0.094,0.209,0.106,0.592,3.964,248.067
generations_240_alpha_0p1_mut_0p075_rho_0p3,generations,240,false,240,8,0.270,9,1.000,0.100,6.500,0.055,0.075,0.300,307,unsuccessful,partial_transposition,false,false,false,false,not_reached,not_reached,not_reached,52,0.326,36,0.398,181,0.162,0,0.770,0.835,0.279,0.255,0.255,0.024,0.243,0.517,3.336,249.675
generations_240_alpha_0p1_mut_0p075_rho_0p3,generations,240,false,240,8,0.270,9,1.000,0.100,6.500,0.055,0.075,0.300,305,unsuccessful,flat,false,false,false,false,not_reached,not_reached,not_reached,27,0.421,101,0.377,181,0.183,0,0.777,0.810,0.245,0.190,0.190,0.054,0.200,0.572,3.717,250.162
generations_240_alpha_0p1_mut_0p075_rho_0p3,generations,240,false,240,8,0.270,9,1.000,0.100,6.500,0.055,0.075,0.300,316,unsuccessful,flat,false,false,false,false,not_reached,not_reached,not_reached,53,0.388,40,0.325,186,0.174,0,0.844,0.861,0.226,0.140,0.140,0.086,0.136,0.605,4.013,245.790
generations_240_alpha_0p1_mut_0p075_rho_0p3,generations,240,false,240,8,0.270,9,1.000,0.100,6.500,0.055,0.075,0.300,319,unsuccessful,partial_transposition,false,false,false,false,not_reached,not_reached,not_reached,23,0.324,220,0.372,32,0.182,0,0.753,0.891,0.318,0.358,0.318,0.041,0.121,0.573,3.831,245.340
generations_240_alpha_0p1_mut_0p075_rho_0p3,generations,240,false,240,8,0.270,9,1.000,0.100,6.500,0.055,0.075,0.300,327,unsuccessful,flat,false,false,false,false,not_reached,not_reached,not_reached,20,0.289,199,0.415,39,0.164,0,0.795,0.772,0.185,0.291,0.185,0.107,0.216,0.560,3.600,241.719
generations_240_alpha_0p1_mut_0p075_rho_0p3,generations,240,false,240,8,0.270,9,1.000,0.100,6.500,0.055,0.075,0.300,317,unsuccessful,flat,false,false,false,false,not_reached,not_reached,not_reached,37,0.400,113,0.388,49,0.157,0,0.828,0.759,0.219,0.184,0.184,0.035,0.200,0.574,3.744,247.704
generations_240_alpha_0p1_mut_0p075_rho_0p3,generations,240,false,240,8,0.270,9,1.000,0.100,6.500,0.055,0.075,0.300,320,unsuccessful,partial_transposition,false,false,false,false,not_reached,not_reached,not_reached,24,0.347,21,0.376,225,0.158,0,0.805,0.831,0.260,0.298,0.260,0.037,0.120,0.551,3.640,246.563
generations_240_alpha_0p1_mut_0p075_rho_0p3,generations,240,false,240,8,0.270,9,1.000,0.100,6.500,0.055,0.075,0.300,321,unsuccessful,flat,false,false,false,false,not_reached,not_reached,not_reached,23,0.274,77,0.275,24,0.177,0,0.819,0.803,0.178,0.212,0.178,0.034,0.144,0.607,4.007,246.714
generations_240_alpha_0p1_mut_0p075_rho_0p3,generations,240,false,240,8,0.270,9,1.000,0.100,6.500,0.055,0.075,0.300,324,unsuccessful,flat,false,false,false,false,not_reached,not_reached,not_reached,22,0.437,22,0.405,139,0.145,0,0.763,0.812,0.226,0.216,0.216,0.011,0.132,0.597,3.955,244.328
generations_240_alpha_0p1_mut_0p075_rho_0p3,generations,240,false,240,8,0.270,9,1.000,0.100,6.500,0.055,0.075,0.300,326,unsuccessful,partial_transposition,false,false,false,false,not_reached,not_reached,not_reached,33,0.490,72,0.363,135,0.176,0,0.837,0.794,0.285,0.282,0.282,0.003,0.212,0.573,3.675,245.183
generations_240_alpha_0p1_mut_0p075_rho_0p3,generations,240,false,240,8,0.270,9,1.000,0.100,6.500,0.055,0.075,0.300,318,unsuccessful,flat,false,false,false,false,not_reached,not_reached,not_reached,41,0.303,156,0.375,139,0.146,0,0.817,0.605,0.321,0.198,0.198,0.123,0.207,0.558,3.413,250.649
generations_240_alpha_0p1_mut_0p075_rho_0p3,generations,240,false,240,8,0.270,9,1.000,0.100,6.500,0.055,0.075,0.300,322,unsuccessful,partial_transposition,false,false,false,false,not_reached,not_reached,not_reached,43,0.291,137,0.338,65,0.161,0,0.791,0.854,0.355,0.267,0.267,0.088,0.114,0.585,3.817,249.121
generations_240_alpha_0p1_mut_0p075_rho_0p3,generations,240,false,240,8,0.270,9,1.000,0.100,6.500,0.055,0.075,0.300,329,unsuccessful,flat,false,false,false,false,not_reached,not_reached,not_reached,63,0.473,44,0.401,116,0.165,0,0.804,0.867,0.220,0.205,0.205,0.016,0.141,0.603,4.070,242.866
generations_240_alpha_0p1_mut_0p075_rho_0p3,generations,240,false,240,8,0.270,9,1.000,0.100,6.500,0.055,0.075,0.300,328,unsuccessful,partial_transposition,false,false,false,false,not_reached,not_reached,not_reached,17,0.434,47,0.426,232,0.168,0,0.759,0.745,0.256,0.368,0.256,0.111,0.175,0.578,3.724,246.196
generations_240_alpha_0p1_mut_0p075_rho_0p3,generations,240,false,240,8,0.270,9,1.000,0.100,6.500,0.055,0.075,0.300,331,unsuccessful,flat,false,false,false,false,not_reached,not_reached,not_reached,17,0.425,37,0.418,157,0.173,0,0.835,0.873,0.147,0.294,0.147,0.146,0.196,0.609,4.037,243.303
generations_240_alpha_0p1_mut_0p075_rho_0p3,generations,240,false,240,8,0.270,9,1.000,0.100,6.500,0.055,0.075,0.300,330,unsuccessful,flat,false,false,false,false,not_reached,not_reached,not_reached,23,0.268,80,0.414,95,0.158,0,0.773,0.841,0.241,0.243,0.241,0.003,0.133,0.564,3.725,244.011
generations_240_alpha_0p1_mut_0p075_rho_0p3,generations,240,false,240,8,0.270,9,1.000,0.100,6.500,0.055,0.075,0.300,325,unsuccessful,flat,false,false,false,false,not_reached,not_reached,not_reached,39,0.278,85,0.412,221,0.167,0,0.722,0.800,0.396,0.242,0.242,0.154,0.109,0.579,3.712,250.346
generations_240_alpha_0p1_mut_0p075_rho_0p3,generations,240,false,240,8,0.270,9,1.000,0.100,6.500,0.055,0.075,0.300,323,unsuccessful,flat,false,false,false,false,not_reached,not_reached,not_reached,47,0.249,17,0.333,127,0.172,0,0.866,0.797,0.148,0.155,0.148,0.006,0.211,0.602,3.968,251.402
generations_240_alpha_0p1_mut_0p075_rho_0p3,generations,240,false,240,8,0.270,9,1.000,0.100,6.500,0.055,0.075,0.300,346,unsuccessful,partial_transposition,false,false,false,false,not_reached,not_reached,29,20,0.683,55,0.373,232,0.168,0,0.814,0.774,0.302,0.265,0.265,0.037,0.161,0.548,3.530,235.072
generations_240_alpha_0p1_mut_0p075_rho_0p3,generations,240,false,240,8,0.270,9,1.000,0.100,6.500,0.055,0.075,0.300,332,unsuccessful,flat,false,false,false,false,not_reached,not_reached,not_reached,18,0.361,17,0.382,216,0.166,0,0.830,0.819,0.247,0.338,0.247,0.091,0.195,0.598,3.901,247.114
generations_240_alpha_0p1_mut_0p075_rho_0p3,generations,240,false,240,8,0.270,9,1.000,0.100,6.500,0.055,0.075,0.300,339,unsuccessful,flat,false,false,false,false,not_reached,not_reached,not_reached,50,0.494,32,0.478,59,0.154,0,0.756,0.798,0.163,0.221,0.163,0.059,0.217,0.589,3.814,242.279
generations_240_alpha_0p1_mut_0p075_rho_0p3,generations,240,false,240,8,0.270,9,1.000,0.100,6.500,0.055,0.075,0.300,334,unsuccessful,flat,false,false,false,false,not_reached,not_reached,not_reached,28,0.319,68,0.333,28,0.164,0,0.837,0.816,0.151,0.529,0.151,0.378,0.114,0.549,3.555,246.261
generations_240_alpha_0p1_mut_0p075_rho_0p3,generations,240,false,240,8,0.270,9,1.000,0.100,6.500,0.055,0.075,0.300,338,unsuccessful,flat,false,false,false,false,not_reached,not_reached,not_reached,68,0.322,19,0.379,191,0.164,0,0.716,0.747,0.218,0.273,0.218,0.056,0.095,0.585,3.801,244.864
generations_240_alpha_0p1_mut_0p075_rho_0p3,generations,240,false,240,8,0.270,9,1.000,0.100,6.500,0.055,0.075,0.300,342,unsuccessful,flat,false,false,false,false,not_reached,not_reached,not_reached,49,0.419,31,0.327,129,0.163,0,0.808,0.849,0.235,0.209,0.209,0.026,0.163,0.594,3.911,243.263
generations_240_alpha_0p1_mut_0p075_rho_0p3,generations,240,false,240,8,0.270,9,1.000,0.100,6.500,0.055,0.075,0.300,337,unsuccessful,flat,false,false,false,false,not_reached,not_reached,not_reached,24,0.327,82,0.338,107,0.161,0,0.786,0.757,0.236,0.317,0.236,0.081,0.278,0.570,3.577,245.995
generations_240_alpha_0p1_mut_0p075_rho_0p3,generations,240,false,240,8,0.270,9,1.000,0.100,6.500,0.055,0.075,0.300,333,unsuccessful,flat,false,false,false,false,not_reached,not_reached,not_reached,29,0.297,179,0.385,112,0.166,0,0.777,0.793,0.194,0.281,0.194,0.087,0.295,0.567,3.585,249.235
generations_240_alpha_0p1_mut_0p075_rho_0p3,generations,240,false,240,8,0.270,9,1.000,0.100,6.500,0.055,0.075,0.300,343,unsuccessful,flat,false,false,false,false,not_reached,not_reached,not_reached,20,0.281,229,0.319,89,0.154,0,0.846,0.808,0.227,0.330,0.227,0.104,0.169,0.598,3.973,242.713
generations_240_alpha_0p1_mut_0p075_rho_0p3,generations,240,false,240,8,0.270,9,1.000,0.100,6.500,0.055,0.075,0.300,335,unsuccessful,flat,false,false,false,false,not_reached,not_reached,not_reached,29,0.425,61,0.343,76,0.152,0,0.772,0.805,0.236,0.269,0.236,0.033,0.230,0.544,3.479,248.621
generations_240_alpha_0p1_mut_0p075_rho_0p3,generations,240,false,240,8,0.270,9,1.000,0.100,6.500,0.055,0.075,0.300,336,unsuccessful,flat,false,false,false,false,not_reached,not_reached,not_reached,79,0.277,32,0.319,208,0.153,0,0.818,0.868,0.244,0.277,0.244,0.034,0.164,0.561,3.670,249.182
generations_240_alpha_0p1_mut_0p075_rho_0p3,generations,240,false,240,8,0.270,9,1.000,0.100,6.500,0.055,0.075,0.300,340,unsuccessful,partial_transposition,false,false,false,false,not_reached,not_reached,not_reached,22,0.317,184,0.441,145,0.169,0,0.658,0.790,0.271,0.330,0.271,0.059,0.224,0.535,3.397,246.892
generations_240_alpha_0p1_mut_0p075_rho_0p3,generations,240,false,240,8,0.270,9,1.000,0.100,6.500,0.055,0.075,0.300,341,unsuccessful,flat,false,false,false,false,not_reached,not_reached,not_reached,38,0.334,60,0.386,123,0.168,0,0.833,0.895,0.190,0.189,0.189,0.002,0.155,0.586,3.919,247.664
generations_240_alpha_0p1_mut_0p075_rho_0p3,generations,240,false,240,8,0.270,9,1.000,0.100,6.500,0.055,0.075,0.300,344,unsuccessful,flat,false,false,false,false,not_reached,not_reached,not_reached,20,0.297,22,0.320,192,0.161,0,0.798,0.814,0.235,0.172,0.172,0.063,0.099,0.582,3.920,246.495
generations_240_alpha_0p1_mut_0p075_rho_0p3,generations,240,false,240,8,0.270,9,1.000,0.100,6.500,0.055,0.075,0.300,345,unsuccessful,flat,false,false,false,false,not_reached,not_reached,not_reached,25,0.282,18,0.370,97,0.173,0,0.826,0.894,0.158,0.222,0.158,0.063,0.253,0.596,3.909,249.984
generations_240_alpha_0p1_mut_0p075_rho_0p3,generations,240,false,240,8,0.270,9,1.000,0.100,6.500,0.055,0.075,0.300,347,unsuccessful,flat,false,false,false,false,not_reached,not_reached,not_reached,144,0.335,24,0.269,149,0.160,0,0.785,0.682,0.264,0.185,0.185,0.079,0.242,0.583,3.632,249.254
generations_240_alpha_0p1_mut_0p075_rho_0p3,generations,240,false,240,8,0.270,9,1.000,0.100,6.500,0.055,0.075,0.300,349,unsuccessful,flat,false,false,false,false,not_reached,not_reached,not_reached,25,0.380,226,0.381,90,0.156,0,0.866,0.812,0.462,0.235,0.235,0.226,0.092,0.599,3.902,240.148
generations_240_alpha_0p1_mut_0p075_rho_0p3,generations,240,false,240,8,0.270,9,1.000,0.100,6.500,0.055,0.075,0.300,351,unsuccessful,flat,false,false,false,false,not_reached,not_reached,not_reached,61,0.437,59,0.420,172,0.147,0,0.871,0.891,0.215,0.223,0.215,0.008,0.113,0.588,4.015,238.636
generations_240_alpha_0p1_mut_0p075_rho_0p3,generations,240,false,240,8,0.270,9,1.000,0.100,6.500,0.055,0.075,0.300,357,unsuccessful,flat,false,false,false,false,not_reached,not_reached,not_reached,27,0.498,41,0.352,53,0.171,0,0.834,0.859,0.149,0.134,0.134,0.015,0.211,0.586,3.907,237.617
generations_240_alpha_0p1_mut_0p075_rho_0p3,generations,240,false,240,8,0.270,9,1.000,0.100,6.500,0.055,0.075,0.300,348,unsuccessful,flat,false,false,false,false,not_reached,not_reached,not_reached,13,0.333,92,0.375,112,0.172,0,0.761,0.786,0.190,0.244,0.190,0.054,0.187,0.570,3.709,245.518
generations_240_alpha_0p1_mut_0p075_rho_0p3,generations,240,false,240,8,0.270,9,1.000,0.100,6.500,0.055,0.075,0.300,353,unsuccessful,gravity_without_vertical,false,true,false,false,44,58,44,14,0.902,156,0.894,155,0.158,0,0.827,0.920,0.130,0.185,0.130,0.055,0.231,0.592,3.841,241.889
generations_240_alpha_0p1_mut_0p075_rho_0p3,generations,240,false,240,8,0.270,9,1.000,0.100,6.500,0.055,0.075,0.300,350,unsuccessful,partial_transposition,false,false,false,false,not_reached,not_reached,not_reached,43,0.407,22,0.357,149,0.166,0,0.731,0.807,0.272,0.258,0.258,0.015,0.170,0.540,3.549,243.959
generations_240_alpha_0p1_mut_0p075_rho_0p3,generations,240,false,240,8,0.270,9,1.000,0.100,6.500,0.055,0.075,0.300,360,unsuccessful,flat,false,false,false,false,not_reached,not_reached,not_reached,22,0.379,89,0.358,55,0.170,0,0.779,0.775,0.209,0.194,0.194,0.015,0.176,0.577,3.764,239.632
generations_240_alpha_0p1_mut_0p075_rho_0p3,generations,240,false,240,8,0.270,9,1.000,0.100,6.500,0.055,0.075,0.300,355,unsuccessful,partial_transposition,false,false,false,false,not_reached,not_reached,not_reached,16,0.383,30,0.427,52,0.154,0,0.804,0.797,0.253,0.346,0.253,0.094,0.132,0.580,3.878,243.369
generations_240_alpha_0p1_mut_0p075_rho_0p3,generations,240,false,240,8,0.270,9,1.000,0.100,6.500,0.055,0.075,0.300,354,unsuccessful,flat,false,false,false,false,not_reached,not_reached,not_reached,45,0.322,29,0.394,76,0.167,0,0.810,0.846,0.149,0.273,0.149,0.123,0.214,0.601,4.021,244.690
generations_240_alpha_0p1_mut_0p075_rho_0p3,generations,240,false,240,8,0.270,9,1.000,0.100,6.500,0.055,0.075,0.300,352,unsuccessful,flat,false,false,false,false,not_reached,not_reached,not_reached,49,0.255,20,0.364,114,0.160,0,0.884,0.704,0.221,0.212,0.212,0.008,0.108,0.584,3.762,247.465
generations_240_alpha_0p1_mut_0p075_rho_0p3,generations,240,false,240,8,0.270,9,1.000,0.100,6.500,0.055,0.075,0.300,359,unsuccessful,partial_transposition,false,false,false,false,not_reached,not_reached,not_reached,43,0.415,22,0.339,46,0.165,0,0.838,0.813,0.258,0.273,0.258,0.014,0.139,0.577,3.808,244.022
generations_240_alpha_0p1_mut_0p075_rho_0p3,generations,240,false,240,8,0.270,9,1.000,0.100,6.500,0.055,0.075,0.300,356,unsuccessful,flat,false,false,false,false,not_reached,not_reached,not_reached,48,0.301,22,0.392,129,0.169,0,0.813,0.833,0.133,0.163,0.133,0.030,0.218,0.584,3.849,247.265
generations_240_alpha_0p1_mut_0p075_rho_0p3,generations,240,false,240,8,0.270,9,1.000,0.100,6.500,0.055,0.075,0.300,358,unsuccessful,flat,false,false,false,false,not_reached,not_reached,not_reached,27,0.302,22,0.456,128,0.156,0,0.796,0.790,0.182,0.218,0.182,0.036,0.187,0.585,3.882,247.124
generations_240_alpha_0p1_mut_0p075_rho_0p3,generations,240,false,240,8,0.270,9,1.000,0.100,6.500,0.055,0.075,0.300,361,unsuccessful,flat,false,false,false,false,not_reached,not_reached,not_reached,42,0.326,53,0.382,127,0.159,0,0.812,0.870,0.200,0.202,0.200,0.002,0.290,0.582,3.842,247.721
generations_240_alpha_0p1_mut_0p075_rho_0p3,generations,240,false,240,8,0.270,9,1.000,0.100,6.500,0.055,0.075,0.300,363,unsuccessful,flat,false,false,false,false,not_reached,not_reached,not_reached,36,0.292,151,0.408,58,0.186,0,0.873,0.877,0.161,0.201,0.161,0.040,0.234,0.591,3.938,247.929
generations_240_alpha_0p1_mut_0p075_rho_0p3,generations,240,false,240,8,0.270,9,1.000,0.100,6.500,0.055,0.075,0.300,362,unsuccessful,flat,false,false,false,false,not_reached,not_reached,not_reached,36,0.288,138,0.352,229,0.174,0,0.833,0.827,0.200,0.224,0.200,0.024,0.175,0.585,3.820,248.941
generations_240_alpha_0p1_mut_0p075_rho_0p3,generations,240,false,240,8,0.270,9,1.000,0.100,6.500,0.055,0.075,0.300,372,unsuccessful,flat,false,false,false,false,not_reached,not_reached,44,16,0.665,48,0.334,21,0.159,0,0.756,0.838,0.133,0.269,0.133,0.136,0.217,0.579,3.798,226.417
generations_240_alpha_0p1_mut_0p075_rho_0p3,generations,240,false,240,8,0.270,9,1.000,0.100,6.500,0.055,0.075,0.300,365,unsuccessful,flat,false,false,false,false,not_reached,not_reached,not_reached,72,0.362,31,0.297,143,0.164,0,0.900,0.791,0.231,0.303,0.231,0.072,0.194,0.571,3.803,241.913
generations_240_alpha_0p1_mut_0p075_rho_0p3,generations,240,false,240,8,0.270,9,1.000,0.100,6.500,0.055,0.075,0.300,366,unsuccessful,flat,false,false,false,false,not_reached,not_reached,not_reached,37,0.346,135,0.413,102,0.168,0,0.897,0.842,0.226,0.144,0.144,0.082,0.141,0.614,4.082,242.335
generations_240_alpha_0p1_mut_0p075_rho_0p3,generations,240,false,240,8,0.270,9,1.000,0.100,6.500,0.055,0.075,0.300,368,unsuccessful,flat,false,false,false,false,not_reached,not_reached,not_reached,17,0.270,27,0.346,147,0.161,0,0.819,0.849,0.129,0.224,0.129,0.095,0.128,0.601,4.053,241.154
generations_240_alpha_0p1_mut_0p075_rho_0p3,generations,240,false,240,8,0.270,9,1.000,0.100,6.500,0.055,0.075,0.300,367,unsuccessful,flat,false,false,false,false,not_reached,not_reached,not_reached,127,0.281,29,0.418,138,0.173,0,0.761,0.836,0.168,0.273,0.168,0.105,0.255,0.551,3.598,243.770
generations_240_alpha_0p1_mut_0p075_rho_0p3,generations,240,false,240,8,0.270,9,1.000,0.100,6.500,0.055,0.075,0.300,364,unsuccessful,flat,false,false,false,false,not_reached,not_reached,not_reached,42,0.361,26,0.324,144,0.179,0,0.683,0.863,0.157,0.133,0.133,0.024,0.228,0.551,3.638,248.957
generations_240_alpha_0p1_mut_0p075_rho_0p3,generations,240,false,240,8,0.270,9,1.000,0.100,6.500,0.055,0.075,0.300,371,unsuccessful,flat,false,false,false,false,not_reached,not_reached,not_reached,56,0.348,125,0.355,60,0.151,0,0.805,0.876,0.236,0.200,0.200,0.036,0.182,0.578,3.832,244.384
generations_240_alpha_0p1_mut_0p075_rho_0p3,generations,240,false,240,8,0.270,9,1.000,0.100,6.500,0.055,0.075,0.300,369,unsuccessful,flat,false,false,false,false,not_reached,not_reached,not_reached,54,0.320,22,0.400,137,0.180,0,0.885,0.865,0.134,0.144,0.134,0.010,0.115,0.624,4.132,247.848
generations_240_alpha_0p1_mut_0p075_rho_0p3,generations,240,false,240,8,0.270,9,1.000,0.100,6.500,0.055,0.075,0.300,374,unsuccessful,flat,false,false,false,false,not_reached,not_reached,not_reached,50,0.450,19,0.371,65,0.157,0,0.757,0.864,0.229,0.329,0.229,0.100,0.101,0.561,3.774,244.834
generations_240_alpha_0p1_mut_0p075_rho_0p3,generations,240,false,240,8,0.270,9,1.000,0.100,6.500,0.055,0.075,0.300,373,unsuccessful,flat,false,false,false,false,not_reached,not_reached,not_reached,35,0.412,26,0.408,94,0.160,0,0.886,0.810,0.122,0.606,0.122,0.485,0.131,0.566,3.669,246.378
generations_240_alpha_0p1_mut_0p075_rho_0p3,generations,240,false,240,8,0.270,9,1.000,0.100,6.500,0.055,0.075,0.300,370,unsuccessful,flat,false,false,false,false,not_reached,not_reached,not_reached,20,0.319,106,0.328,33,0.151,0,0.834,0.837,0.224,0.304,0.224,0.081,0.147,0.585,3.815,249.297
generations_240_alpha_0p1_mut_0p075_rho_0p3,generations,240,false,240,8,0.270,9,1.000,0.100,6.500,0.055,0.075,0.300,376,unsuccessful,flat,false,false,false,false,not_reached,not_reached,not_reached,12,0.274,27,0.426,30,0.145,0,0.817,0.783,0.296,0.231,0.231,0.065,0.126,0.561,3.683,248.596
generations_240_alpha_0p1_mut_0p075_rho_0p3,generations,240,false,240,8,0.270,9,1.000,0.100,6.500,0.055,0.075,0.300,375,unsuccessful,flat,false,false,false,false,not_reached,not_reached,not_reached,14,0.299,95,0.429,119,0.159,0,0.848,0.856,0.121,0.190,0.121,0.069,0.159,0.605,4.118,250.258
generations_240_alpha_0p1_mut_0p075_rho_0p3,generations,240,false,240,8,0.270,9,1.000,0.100,6.500,0.055,0.075,0.300,377,unsuccessful,flat,false,false,false,false,not_reached,not_reached,not_reached,34,0.346,32,0.320,229,0.158,0,0.859,0.744,0.254,0.198,0.198,0.056,0.168,0.584,3.839,248.150
generations_240_alpha_0p1_mut_0p075_rho_0p3,generations,240,false,240,8,0.270,9,1.000,0.100,6.500,0.055,0.075,0.300,378,unsuccessful,flat,false,false,false,false,not_reached,not_reached,not_reached,56,0.347,25,0.342,112,0.152,0,0.819,0.860,0.233,0.305,0.233,0.072,0.161,0.599,3.938,244.196
generations_240_alpha_0p1_mut_0p075_rho_0p3,generations,240,false,240,8,0.270,9,1.000,0.100,6.500,0.055,0.075,0.300,379,unsuccessful,flat,false,false,false,false,not_reached,not_reached,not_reached,34,0.347,13,0.365,202,0.161,0,0.786,0.765,0.223,0.277,0.223,0.054,0.124,0.586,3.817,245.381
generations_240_alpha_0p1_mut_0p075_rho_0p3,generations,240,false,240,8,0.270,9,1.000,0.100,6.500,0.055,0.075,0.300,380,unsuccessful,flat,false,false,false,false,not_reached,not_reached,not_reached,50,0.338,128,0.396,178,0.172,0,0.838,0.861,0.239,0.271,0.239,0.032,0.100,0.609,4.138,245.990
generations_240_alpha_0p1_mut_0p075_rho_0p3,generations,240,false,240,8,0.270,9,1.000,0.100,6.500,0.055,0.075,0.300,381,unsuccessful,partial_transposition,false,false,false,false,not_reached,not_reached,not_reached,36,0.279,227,0.422,110,0.166,0,0.791,0.674,0.251,0.264,0.251,0.013,0.228,0.556,3.549,245.831
generations_240_alpha_0p1_mut_0p075_rho_0p3,generations,240,false,240,8,0.270,9,1.000,0.100,6.500,0.055,0.075,0.300,382,unsuccessful,flat,false,false,false,false,not_reached,not_reached,not_reached,97,0.370,29,0.298,227,0.160,0,0.834,0.883,0.238,0.387,0.238,0.149,0.085,0.588,3.901,248.273
generations_240_alpha_0p1_mut_0p075_rho_0p3,generations,240,false,240,8,0.270,9,1.000,0.100,6.500,0.055,0.075,0.300,385,unsuccessful,flat,false,false,false,false,not_reached,not_reached,not_reached,95,0.276,238,0.375,107,0.155,0,0.769,0.696,0.227,0.197,0.197,0.029,0.165,0.573,3.664,244.004
generations_240_alpha_0p1_mut_0p075_rho_0p3,generations,240,false,240,8,0.270,9,1.000,0.100,6.500,0.055,0.075,0.300,384,unsuccessful,flat,false,false,false,false,not_reached,not_reached,not_reached,24,0.311,232,0.386,80,0.154,0,0.757,0.737,0.131,0.216,0.131,0.085,0.200,0.582,3.768,247.809
generations_240_alpha_0p1_mut_0p075_rho_0p3,generations,240,false,240,8,0.270,9,1.000,0.100,6.500,0.055,0.075,0.300,388,unsuccessful,flat,false,false,false,false,not_reached,not_reached,not_reached,80,0.403,50,0.289,86,0.162,0,0.700,0.897,0.199,0.281,0.199,0.082,0.163,0.573,3.755,240.963
generations_240_alpha_0p1_mut_0p075_rho_0p3,generations,240,false,240,8,0.270,9,1.000,0.100,6.500,0.055,0.075,0.300,386,unsuccessful,flat,false,false,false,false,not_reached,not_reached,not_reached,19,0.343,15,0.452,33,0.163,0,0.873,0.858,0.367,0.204,0.204,0.162,0.183,0.591,3.881,246.109
generations_240_alpha_0p1_mut_0p075_rho_0p3,generations,240,false,240,8,0.270,9,1.000,0.100,6.500,0.055,0.075,0.300,383,unsuccessful,flat,false,false,false,false,not_reached,not_reached,not_reached,53,0.386,16,0.321,132,0.157,0,0.829,0.859,0.273,0.204,0.204,0.069,0.123,0.591,4.016,252.582
generations_240_alpha_0p1_mut_0p075_rho_0p3,generations,240,false,240,8,0.270,9,1.000,0.100,6.500,0.055,0.075,0.300,387,unsuccessful,flat,false,false,false,false,not_reached,not_reached,not_reached,44,0.352,39,0.321,84,0.169,0,0.832,0.739,0.272,0.227,0.227,0.044,0.183,0.565,3.665,250.295
generations_240_alpha_0p1_mut_0p075_rho_0p3,generations,240,false,240,8,0.270,9,1.000,0.100,6.500,0.055,0.075,0.300,389,unsuccessful,flat,false,false,false,false,not_reached,not_reached,not_reached,48,0.333,187,0.323,67,0.151,0,0.788,0.841,0.293,0.160,0.160,0.133,0.165,0.590,3.894,249.072
generations_240_alpha_0p1_mut_0p075_rho_0p3,generations,240,false,240,8,0.270,9,1.000,0.100,6.500,0.055,0.075,0.300,390,unsuccessful,flat,false,false,false,false,not_reached,not_reached,not_reached,65,0.266,52,0.386,159,0.159,0,0.734,0.851,0.165,0.173,0.165,0.009,0.190,0.600,3.926,248.898
generations_240_alpha_0p1_mut_0p075_rho_0p3,generations,240,false,240,8,0.270,9,1.000,0.100,6.500,0.055,0.075,0.300,392,unsuccessful,partial_transposition,false,false,false,false,not_reached,not_reached,not_reached,53,0.390,54,0.366,123,0.162,0,0.757,0.832,0.332,0.327,0.327,0.005,0.205,0.568,3.582,245.168
generations_240_alpha_0p1_mut_0p075_rho_0p3,generations,240,false,240,8,0.270,9,1.000,0.100,6.500,0.055,0.075,0.300,391,unsuccessful,flat,false,false,false,false,not_reached,not_reached,not_reached,21,0.292,186,0.342,31,0.157,0,0.818,0.789,0.206,0.356,0.206,0.150,0.138,0.587,3.850,247.159
generations_240_alpha_0p1_mut_0p075_rho_0p3,generations,240,false,240,8,0.270,9,1.000,0.100,6.500,0.055,0.075,0.300,393,unsuccessful,flat,false,false,false,false,not_reached,not_reached,34,33,0.544,34,0.384,234,0.182,0,0.747,0.794,0.195,0.320,0.195,0.124,0.347,0.569,3.603,246.370
generations_240_alpha_0p1_mut_0p075_rho_0p3,generations,240,false,240,8,0.270,9,1.000,0.100,6.500,0.055,0.075,0.300,395,unsuccessful,partial_transposition,false,false,false,false,not_reached,not_reached,not_reached,58,0.306,96,0.366,220,0.168,0,0.787,0.704,0.358,0.445,0.358,0.086,0.131,0.583,3.630,248.639
generations_240_alpha_0p1_mut_0p075_rho_0p3,generations,240,false,240,8,0.270,9,1.000,0.100,6.500,0.055,0.075,0.300,394,unsuccessful,flat,false,false,false,false,not_reached,not_reached,not_reached,65,0.312,23,0.354,235,0.157,0,0.800,0.889,0.281,0.233,0.233,0.049,0.115,0.603,3.921,250.285
generations_240_alpha_0p1_mut_0p075_rho_0p3,generations,240,false,240,8,0.270,9,1.000,0.100,6.500,0.055,0.075,0.300,396,unsuccessful,gravity_without_vertical,false,true,false,false,36,not_reached,not_reached,29,0.341,87,0.537,38,0.186,0,0.837,0.857,0.105,0.170,0.105,0.065,0.184,0.615,4.100,244.993
generations_240_alpha_0p1_mut_0p075_rho_0p3,generations,240,false,240,8,0.270,9,1.000,0.100,6.500,0.055,0.075,0.300,397,unsuccessful,flat,false,false,false,false,not_reached,not_reached,not_reached,17,0.292,25,0.396,144,0.148,0,0.830,0.821,0.217,0.197,0.197,0.020,0.241,0.577,3.826,243.281
generations_240_alpha_0p1_mut_0p075_rho_0p3,generations,240,false,240,8,0.270,9,1.000,0.100,6.500,0.055,0.075,0.300,399,unsuccessful,flat,false,false,false,false,not_reached,not_reached,not_reached,66,0.479,28,0.352,216,0.189,0,0.781,0.755,0.196,0.218,0.196,0.022,0.145,0.561,3.644,243.484
generations_240_alpha_0p1_mut_0p075_rho_0p3,generations,240,false,240,8,0.270,9,1.000,0.100,6.500,0.055,0.075,0.300,398,unsuccessful,flat,false,false,false,false,not_reached,not_reached,not_reached,19,0.253,234,0.500,25,0.171,0,0.736,0.839,0.272,0.175,0.175,0.097,0.233,0.565,3.686,247.832
generations_480_alpha_0p1_mut_0p075_rho_0p3,generations,480,false,480,8,0.270,9,1.000,0.100,6.500,0.055,0.075,0.300,302,unsuccessful,partial_transposition,false,false,false,false,not_reached,not_reached,not_reached,27,0.360,285,0.407,40,0.160,0,0.822,0.852,0.345,0.425,0.345,0.080,0.094,0.608,3.975,499.273
generations_480_alpha_0p1_mut_0p075_rho_0p3,generations,480,false,480,8,0.270,9,1.000,0.100,6.500,0.055,0.075,0.300,300,unsuccessful,flat,false,false,false,false,not_reached,not_reached,25,19,0.688,35,0.369,126,0.153,0,0.755,0.855,0.189,0.316,0.189,0.127,0.191,0.598,3.936,502.904
generations_480_alpha_0p1_mut_0p075_rho_0p3,generations,480,false,480,8,0.270,9,1.000,0.100,6.500,0.055,0.075,0.300,304,unsuccessful,flat,false,false,false,false,not_reached,not_reached,not_reached,19,0.325,36,0.391,189,0.165,0,0.882,0.748,0.182,0.535,0.182,0.353,0.118,0.568,3.506,497.482
generations_480_alpha_0p1_mut_0p075_rho_0p3,generations,480,false,480,8,0.270,9,1.000,0.100,6.500,0.055,0.075,0.300,306,unsuccessful,flat,false,false,false,false,not_reached,not_reached,not_reached,29,0.396,234,0.327,148,0.168,0,0.651,0.869,0.128,0.240,0.128,0.112,0.187,0.565,3.677,497.748
generations_480_alpha_0p1_mut_0p075_rho_0p3,generations,480,false,480,8,0.270,9,1.000,0.100,6.500,0.055,0.075,0.300,301,unsuccessful,flat,false,false,false,false,not_reached,not_reached,not_reached,28,0.318,315,0.347,80,0.155,0,0.875,0.779,0.307,0.153,0.153,0.154,0.088,0.611,4.044,509.476
generations_480_alpha_0p1_mut_0p075_rho_0p3,generations,480,false,480,8,0.270,9,1.000,0.100,6.500,0.055,0.075,0.300,303,unsuccessful,flat,false,false,false,false,not_reached,not_reached,not_reached,27,0.371,39,0.371,433,0.168,0,0.849,0.808,0.164,0.265,0.164,0.101,0.236,0.584,3.787,507.040
generations_480_alpha_0p1_mut_0p075_rho_0p3,generations,480,false,480,8,0.270,9,1.000,0.100,6.500,0.055,0.075,0.300,308,unsuccessful,partial_transposition,false,false,false,false,not_reached,not_reached,not_reached,81,0.343,78,0.386,85,0.173,0,0.845,0.861,0.296,0.310,0.296,0.014,0.132,0.603,3.985,501.045
generations_480_alpha_0p1_mut_0p075_rho_0p3,generations,480,false,480,8,0.270,9,1.000,0.100,6.500,0.055,0.075,0.300,309,unsuccessful,flat,false,false,false,false,not_reached,not_reached,not_reached,26,0.280,472,0.373,33,0.166,0,0.830,0.829,0.163,0.268,0.163,0.105,0.181,0.595,3.910,502.306
generations_480_alpha_0p1_mut_0p075_rho_0p3,generations,480,false,480,8,0.270,9,1.000,0.100,6.500,0.055,0.075,0.300,307,unsuccessful,partial_transposition,false,false,false,false,not_reached,not_reached,not_reached,52,0.326,36,0.455,254,0.162,0,0.783,0.789,0.389,0.410,0.389,0.021,0.076,0.591,3.767,507.130
generations_480_alpha_0p1_mut_0p075_rho_0p3,generations,480,false,480,8,0.270,9,1.000,0.100,6.500,0.055,0.075,0.300,305,unsuccessful,partial_transposition,false,false,false,false,not_reached,not_reached,not_reached,27,0.421,101,0.490,276,0.183,0,0.798,0.818,0.268,0.416,0.268,0.148,0.166,0.574,3.629,510.735
generations_480_alpha_0p1_mut_0p075_rho_0p3,generations,480,false,480,8,0.270,9,1.000,0.100,6.500,0.055,0.075,0.300,310,unsuccessful,flat,false,false,false,false,not_reached,not_reached,not_reached,17,0.476,43,0.353,175,0.166,0,0.735,0.835,0.142,0.327,0.142,0.185,0.161,0.599,3.967,502.514
generations_480_alpha_0p1_mut_0p075_rho_0p3,generations,480,false,480,8,0.270,9,1.000,0.100,6.500,0.055,0.075,0.300,311,unsuccessful,flat,false,false,false,false,not_reached,not_reached,not_reached,22,0.390,67,0.444,66,0.176,0,0.712,0.884,0.208,0.419,0.208,0.210,0.219,0.575,3.711,505.800
generations_480_alpha_0p1_mut_0p075_rho_0p3,generations,480,false,480,8,0.270,9,1.000,0.100,6.500,0.055,0.075,0.300,312,unsuccessful,flat,false,false,false,false,not_reached,not_reached,23,26,0.524,23,0.411,43,0.158,0,0.819,0.830,0.216,0.203,0.203,0.014,0.136,0.561,3.601,504.187
generations_480_alpha_0p1_mut_0p075_rho_0p3,generations,480,false,480,8,0.270,9,1.000,0.100,6.500,0.055,0.075,0.300,313,unsuccessful,partial_transposition,false,false,false,false,not_reached,not_reached,not_reached,29,0.309,240,0.447,169,0.162,0,0.769,0.861,0.257,0.290,0.257,0.033,0.163,0.560,3.728,503.705
generations_480_alpha_0p1_mut_0p075_rho_0p3,generations,480,false,480,8,0.270,9,1.000,0.100,6.500,0.055,0.075,0.300,314,unsuccessful,flat,false,false,false,false,not_reached,not_reached,not_reached,65,0.316,461,0.351,195,0.165,0,0.754,0.815,0.215,0.227,0.215,0.012,0.144,0.604,4.031,503.295
generations_480_alpha_0p1_mut_0p075_rho_0p3,generations,480,false,480,8,0.270,9,1.000,0.100,6.500,0.055,0.075,0.300,315,unsuccessful,flat,false,false,false,false,not_reached,not_reached,not_reached,128,0.377,40,0.361,393,0.167,0,0.820,0.895,0.138,0.250,0.138,0.112,0.220,0.583,3.937,501.015
generations_480_alpha_0p1_mut_0p075_rho_0p3,generations,480,false,480,8,0.270,9,1.000,0.100,6.500,0.055,0.075,0.300,317,unsuccessful,flat,false,false,false,false,not_reached,not_reached,not_reached,37,0.400,113,0.388,49,0.157,0,0.747,0.768,0.220,0.220,0.220,0.000,0.198,0.593,3.834,500.957
generations_480_alpha_0p1_mut_0p075_rho_0p3,generations,480,false,480,8,0.270,9,1.000,0.100,6.500,0.055,0.075,0.300,316,unsuccessful,partial_transposition,false,false,false,false,not_reached,not_reached,not_reached,53,0.388,40,0.325,186,0.174,0,0.874,0.829,0.300,0.260,0.260,0.040,0.078,0.608,4.057,507.345
generations_480_alpha_0p1_mut_0p075_rho_0p3,generations,480,false,480,8,0.270,9,1.000,0.100,6.500,0.055,0.075,0.300,319,unsuccessful,flat,false,false,false,false,not_reached,not_reached,not_reached,23,0.336,256,0.405,320,0.182,0,0.904,0.781,0.200,0.146,0.146,0.055,0.108,0.599,4.012,504.270
generations_480_alpha_0p1_mut_0p075_rho_0p3,generations,480,false,480,8,0.270,9,1.000,0.100,6.500,0.055,0.075,0.300,321,unsuccessful,flat,false,false,false,false,not_reached,not_reached,not_reached,23,0.303,456,0.315,370,0.177,0,0.842,0.765,0.177,0.136,0.136,0.042,0.172,0.576,3.789,504.716
generations_480_alpha_0p1_mut_0p075_rho_0p3,generations,480,false,480,8,0.270,9,1.000,0.100,6.500,0.055,0.075,0.300,320,unsuccessful,partial_transposition,false,false,false,false,not_reached,not_reached,not_reached,24,0.347,21,0.376,225,0.158,0,0.905,0.764,0.270,0.301,0.270,0.031,0.125,0.571,3.744,505.893
generations_480_alpha_0p1_mut_0p075_rho_0p3,generations,480,false,480,8,0.270,9,1.000,0.100,6.500,0.055,0.075,0.300,324,unsuccessful,partial_transposition,false,false,false,false,not_reached,not_reached,not_reached,22,0.437,22,0.405,139,0.145,0,0.725,0.747,0.293,0.289,0.289,0.004,0.207,0.553,3.487,498.399
generations_480_alpha_0p1_mut_0p075_rho_0p3,generations,480,false,480,8,0.270,9,1.000,0.100,6.500,0.055,0.075,0.300,318,unsuccessful,flat,false,false,false,false,not_reached,not_reached,not_reached,41,0.330,252,0.404,358,0.146,0,0.859,0.774,0.228,0.223,0.223,0.005,0.149,0.582,3.783,511.504
generations_480_alpha_0p1_mut_0p075_rho_0p3,generations,480,false,480,8,0.270,9,1.000,0.100,6.500,0.055,0.075,0.300,322,unsuccessful,flat,false,false,false,false,not_reached,not_reached,not_reached,43,0.318,469,0.346,409,0.161,0,0.881,0.846,0.106,0.172,0.106,0.065,0.106,0.606,4.113,508.674
generations_480_alpha_0p1_mut_0p075_rho_0p3,generations,480,false,480,8,0.270,9,1.000,0.100,6.500,0.055,0.075,0.300,326,unsuccessful,partial_transposition,false,false,false,false,not_reached,not_reached,not_reached,33,0.490,72,0.363,135,0.176,0,0.815,0.754,0.398,0.307,0.307,0.091,0.190,0.580,3.722,502.973
generations_480_alpha_0p1_mut_0p075_rho_0p3,generations,480,false,480,8,0.270,9,1.000,0.100,6.500,0.055,0.075,0.300,327,unsuccessful,flat,false,false,false,false,not_reached,not_reached,not_reached,20,0.289,199,0.415,39,0.164,0,0.779,0.858,0.197,0.239,0.197,0.042,0.153,0.590,3.912,500.445
generations_480_alpha_0p1_mut_0p075_rho_0p3,generations,480,false,480,8,0.270,9,1.000,0.100,6.500,0.055,0.075,0.300,323,unsuccessful,flat,false,false,false,false,not_reached,not_reached,not_reached,47,0.270,480,0.462,257,0.172,0,0.799,0.883,0.191,0.230,0.191,0.039,0.270,0.586,3.880,512.069
generations_480_alpha_0p1_mut_0p075_rho_0p3,generations,480,false,480,8,0.270,9,1.000,0.100,6.500,0.055,0.075,0.300,325,unsuccessful,partial_transposition,false,false,false,false,not_reached,not_reached,not_reached,39,0.278,85,0.420,324,0.167,0,0.610,0.865,0.277,0.393,0.277,0.116,0.124,0.558,3.541,511.462
generations_480_alpha_0p1_mut_0p075_rho_0p3,generations,480,false,480,8,0.270,9,1.000,0.100,6.500,0.055,0.075,0.300,328,unsuccessful,flat,false,false,false,false,not_reached,not_reached,not_reached,17,0.434,47,0.426,232,0.168,0,0.821,0.787,0.242,0.190,0.190,0.052,0.229,0.556,3.664,503.178
generations_480_alpha_0p1_mut_0p075_rho_0p3,generations,480,false,480,8,0.270,9,1.000,0.100,6.500,0.055,0.075,0.300,329,unsuccessful,flat,false,false,false,false,not_reached,not_reached,not_reached,63,0.473,44,0.401,116,0.165,0,0.815,0.880,0.165,0.259,0.165,0.094,0.144,0.590,3.942,502.180
generations_480_alpha_0p1_mut_0p075_rho_0p3,generations,480,false,480,8,0.270,9,1.000,0.100,6.500,0.055,0.075,0.300,330,unsuccessful,flat,false,false,false,false,not_reached,not_reached,not_reached,23,0.275,362,0.414,95,0.158,0,0.838,0.764,0.229,0.231,0.229,0.002,0.256,0.569,3.735,499.300
generations_480_alpha_0p1_mut_0p075_rho_0p3,generations,480,false,480,8,0.270,9,1.000,0.100,6.500,0.055,0.075,0.300,331,unsuccessful,partial_transposition,false,false,false,false,not_reached,not_reached,not_reached,17,0.425,37,0.418,157,0.173,0,0.738,0.886,0.297,0.318,0.297,0.021,0.108,0.584,3.786,501.640
generations_480_alpha_0p1_mut_0p075_rho_0p3,generations,480,false,480,8,0.270,9,1.000,0.100,6.500,0.055,0.075,0.300,332,unsuccessful,flat,false,false,false,false,not_reached,not_reached,not_reached,18,0.361,17,0.382,216,0.166,0,0.842,0.878,0.231,0.273,0.231,0.041,0.198,0.586,3.878,505.577
generations_480_alpha_0p1_mut_0p075_rho_0p3,generations,480,false,480,8,0.270,9,1.000,0.100,6.500,0.055,0.075,0.300,333,unsuccessful,flat,false,false,false,false,not_reached,not_reached,not_reached,29,0.367,446,0.401,425,0.166,0,0.850,0.773,0.193,0.206,0.193,0.012,0.217,0.586,3.775,506.779
generations_480_alpha_0p1_mut_0p075_rho_0p3,generations,480,false,480,8,0.270,9,1.000,0.100,6.500,0.055,0.075,0.300,334,unsuccessful,flat,false,false,false,false,not_reached,not_reached,not_reached,28,0.319,68,0.384,392,0.164,0,0.754,0.848,0.190,0.250,0.190,0.060,0.200,0.573,3.691,505.595
generations_480_alpha_0p1_mut_0p075_rho_0p3,generations,480,false,480,8,0.270,9,1.000,0.100,6.500,0.055,0.075,0.300,335,unsuccessful,flat,false,false,false,false,not_reached,not_reached,not_reached,29,0.425,61,0.381,363,0.152,0,0.905,0.813,0.208,0.166,0.166,0.041,0.166,0.609,4.084,504.101
generations_480_alpha_0p1_mut_0p075_rho_0p3,generations,480,false,480,8,0.270,9,1.000,0.100,6.500,0.055,0.075,0.300,336,unsuccessful,flat,false,false,false,false,not_reached,not_reached,not_reached,79,0.277,32,0.319,208,0.153,0,0.871,0.843,0.113,0.138,0.113,0.026,0.180,0.594,4.010,503.223
generations_480_alpha_0p1_mut_0p075_rho_0p3,generations,480,false,480,8,0.270,9,1.000,0.100,6.500,0.055,0.075,0.300,338,unsuccessful,flat,false,false,false,false,not_reached,not_reached,not_reached,68,0.354,355,0.381,343,0.164,0,0.853,0.823,0.118,0.116,0.116,0.002,0.167,0.609,4.024,503.959
generations_480_alpha_0p1_mut_0p075_rho_0p3,generations,480,false,480,8,0.270,9,1.000,0.100,6.500,0.055,0.075,0.300,337,unsuccessful,flat,false,false,false,false,not_reached,not_reached,not_reached,24,0.336,260,0.470,380,0.161,0,0.807,0.857,0.245,0.503,0.245,0.258,0.116,0.565,3.782,504.351
generations_480_alpha_0p1_mut_0p075_rho_0p3,generations,480,false,480,8,0.270,9,1.000,0.100,6.500,0.055,0.075,0.300,339,unsuccessful,partial_transposition,false,false,false,false,not_reached,not_reached,not_reached,50,0.494,32,0.478,59,0.154,0,0.835,0.745,0.304,0.413,0.304,0.110,0.274,0.548,3.387,502.680
generations_480_alpha_0p1_mut_0p075_rho_0p3,generations,480,false,480,8,0.270,9,1.000,0.100,6.500,0.055,0.075,0.300,342,unsuccessful,partial_transposition,false,false,false,false,not_reached,not_reached,not_reached,49,0.419,31,0.383,454,0.163,0,0.779,0.873,0.353,0.526,0.353,0.173,0.169,0.590,3.804,499.369
generations_480_alpha_0p1_mut_0p075_rho_0p3,generations,480,false,480,8,0.270,9,1.000,0.100,6.500,0.055,0.075,0.300,341,unsuccessful,flat,false,false,false,false,not_reached,not_reached,not_reached,38,0.334,60,0.386,123,0.168,0,0.766,0.830,0.246,0.485,0.246,0.240,0.137,0.555,3.621,503.634
generations_480_alpha_0p1_mut_0p075_rho_0p3,generations,480,false,480,8,0.270,9,1.000,0.100,6.500,0.055,0.075,0.300,340,unsuccessful,partial_transposition,false,false,false,false,not_reached,not_reached,not_reached,22,0.317,184,0.441,145,0.169,0,0.807,0.890,0.270,0.410,0.270,0.140,0.139,0.590,3.834,506.030
generations_480_alpha_0p1_mut_0p075_rho_0p3,generations,480,false,480,8,0.270,9,1.000,0.100,6.500,0.055,0.075,0.300,343,unsuccessful,flat,false,false,false,false,not_reached,not_reached,not_reached,20,0.288,293,0.352,428,0.154,0,0.799,0.803,0.201,0.161,0.161,0.040,0.142,0.581,3.743,501.908
generations_480_alpha_0p1_mut_0p075_rho_0p3,generations,480,false,480,8,0.270,9,1.000,0.100,6.500,0.055,0.075,0.300,346,unsuccessful,flat,false,false,false,false,not_reached,not_reached,29,20,0.683,55,0.375,356,0.168,0,0.836,0.858,0.206,0.356,0.206,0.150,0.089,0.614,4.078,488.965
generations_480_alpha_0p1_mut_0p075_rho_0p3,generations,480,false,480,8,0.270,9,1.000,0.100,6.500,0.055,0.075,0.300,344,unsuccessful,flat,false,false,false,false,not_reached,not_reached,not_reached,20,0.297,22,0.361,396,0.161,0,0.880,0.913,0.168,0.177,0.168,0.009,0.167,0.575,3.940,503.618
generations_480_alpha_0p1_mut_0p075_rho_0p3,generations,480,false,480,8,0.270,9,1.000,0.100,6.500,0.055,0.075,0.300,345,unsuccessful,flat,false,false,false,false,not_reached,not_reached,not_reached,25,0.379,464,0.370,97,0.173,0,0.650,0.833,0.308,0.222,0.222,0.086,0.180,0.580,3.770,510.163
generations_480_alpha_0p1_mut_0p075_rho_0p3,generations,480,false,480,8,0.270,9,1.000,0.100,6.500,0.055,0.075,0.300,347,unsuccessful,flat,false,false,false,false,not_reached,not_reached,not_reached,144,0.335,24,0.304,477,0.160,0,0.842,0.828,0.266,0.241,0.241,0.025,0.204,0.592,3.935,509.185
generations_480_alpha_0p1_mut_0p075_rho_0p3,generations,480,false,480,8,0.270,9,1.000,0.100,6.500,0.055,0.075,0.300,349,unsuccessful,flat,false,false,false,false,not_reached,not_reached,not_reached,25,0.380,226,0.407,410,0.156,0,0.690,0.789,0.134,0.156,0.134,0.022,0.185,0.591,3.780,497.504
generations_480_alpha_0p1_mut_0p075_rho_0p3,generations,480,false,480,8,0.270,9,1.000,0.100,6.500,0.055,0.075,0.300,348,unsuccessful,flat,false,false,false,false,not_reached,not_reached,not_reached,13,0.333,92,0.375,112,0.172,0,0.751,0.846,0.226,0.342,0.226,0.116,0.233,0.576,3.768,505.404
generations_480_alpha_0p1_mut_0p075_rho_0p3,generations,480,false,480,8,0.270,9,1.000,0.100,6.500,0.055,0.075,0.300,354,unsuccessful,flat,false,false,false,false,not_reached,not_reached,not_reached,45,0.322,29,0.394,76,0.167,0,0.804,0.781,0.190,0.324,0.190,0.134,0.162,0.558,3.543,497.908
generations_480_alpha_0p1_mut_0p075_rho_0p3,generations,480,false,480,8,0.270,9,1.000,0.100,6.500,0.055,0.075,0.300,351,unsuccessful,flat,false,false,false,false,not_reached,not_reached,not_reached,61,0.437,59,0.420,172,0.147,0,0.844,0.809,0.207,0.197,0.197,0.009,0.104,0.572,3.842,500.202
generations_480_alpha_0p1_mut_0p075_rho_0p3,generations,480,false,480,8,0.270,9,1.000,0.100,6.500,0.055,0.075,0.300,350,unsuccessful,flat,false,false,false,false,not_reached,not_reached,not_reached,43,0.407,22,0.357,149,0.166,0,0.796,0.819,0.170,0.370,0.170,0.201,0.135,0.595,3.917,502.249
generations_480_alpha_0p1_mut_0p075_rho_0p3,generations,480,false,480,8,0.270,9,1.000,0.100,6.500,0.055,0.075,0.300,353,unsuccessful,gravity_without_vertical,false,true,false,false,44,58,44,14,0.902,156,0.894,155,0.158,0,0.737,0.879,0.222,0.149,0.149,0.073,0.229,0.579,3.815,501.060
generations_480_alpha_0p1_mut_0p075_rho_0p3,generations,480,false,480,8,0.270,9,1.000,0.100,6.500,0.055,0.075,0.300,352,unsuccessful,flat,false,false,false,false,not_reached,not_reached,not_reached,49,0.324,268,0.367,296,0.160,0,0.753,0.801,0.140,0.168,0.140,0.029,0.165,0.574,3.794,503.640
generations_480_alpha_0p1_mut_0p075_rho_0p3,generations,480,false,480,8,0.270,9,1.000,0.100,6.500,0.055,0.075,0.300,357,unsuccessful,partial_transposition,false,false,false,false,not_reached,not_reached,not_reached,27,0.498,41,0.352,53,0.171,0,0.835,0.849,0.280,0.271,0.271,0.009,0.181,0.592,3.860,495.878
generations_480_alpha_0p1_mut_0p075_rho_0p3,generations,480,false,480,8,0.270,9,1.000,0.100,6.500,0.055,0.075,0.300,355,unsuccessful,flat,false,false,false,false,not_reached,not_reached,not_reached,16,0.383,30,0.427,52,0.154,0,0.723,0.810,0.182,0.335,0.182,0.153,0.121,0.583,3.810,502.755
generations_480_alpha_0p1_mut_0p075_rho_0p3,generations,480,false,480,8,0.270,9,1.000,0.100,6.500,0.055,0.075,0.300,358,unsuccessful,flat,false,false,false,false,not_reached,not_reached,not_reached,27,0.333,400,0.456,128,0.156,0,0.758,0.753,0.208,0.224,0.208,0.016,0.186,0.595,3.863,505.334
generations_480_alpha_0p1_mut_0p075_rho_0p3,generations,480,false,480,8,0.270,9,1.000,0.100,6.500,0.055,0.075,0.300,356,unsuccessful,flat,false,false,false,false,not_reached,not_reached,not_reached,48,0.301,22,0.392,129,0.169,0,0.792,0.787,0.248,0.278,0.248,0.030,0.203,0.576,3.748,508.767
generations_480_alpha_0p1_mut_0p075_rho_0p3,generations,480,false,480,8,0.270,9,1.000,0.100,6.500,0.055,0.075,0.300,359,unsuccessful,flat,false,false,false,false,not_reached,not_reached,not_reached,43,0.415,22,0.339,46,0.165,0,0.771,0.829,0.135,0.209,0.135,0.073,0.159,0.579,3.817,506.171
generations_480_alpha_0p1_mut_0p075_rho_0p3,generations,480,false,480,8,0.270,9,1.000,0.100,6.500,0.055,0.075,0.300,360,unsuccessful,flat,false,false,false,false,not_reached,not_reached,not_reached,22,0.379,89,0.385,448,0.170,0,0.837,0.805,0.148,0.252,0.148,0.104,0.155,0.586,3.882,493.917
generations_480_alpha_0p1_mut_0p075_rho_0p3,generations,480,false,480,8,0.270,9,1.000,0.100,6.500,0.055,0.075,0.300,361,unsuccessful,flat,false,false,false,false,not_reached,not_reached,not_reached,42,0.439,336,0.382,127,0.159,0,0.829,0.827,0.271,0.190,0.190,0.081,0.298,0.576,3.686,504.554
generations_480_alpha_0p1_mut_0p075_rho_0p3,generations,480,false,480,8,0.270,9,1.000,0.100,6.500,0.055,0.075,0.300,362,unsuccessful,flat,false,false,false,false,not_reached,not_reached,not_reached,36,0.336,429,0.386,375,0.174,0,0.868,0.817,0.207,0.155,0.155,0.052,0.216,0.589,3.937,502.671
generations_480_alpha_0p1_mut_0p075_rho_0p3,generations,480,false,480,8,0.270,9,1.000,0.100,6.500,0.055,0.075,0.300,363,unsuccessful,flat,false,false,false,false,not_reached,not_reached,not_reached,36,0.332,475,0.408,58,0.186,0,0.735,0.780,0.123,0.160,0.123,0.038,0.275,0.556,3.567,502.739
generations_480_alpha_0p1_mut_0p075_rho_0p3,generations,480,false,480,8,0.270,9,1.000,0.100,6.500,0.055,0.075,0.300,372,unsuccessful,partial_transposition,false,false,false,false,not_reached,not_reached,44,16,0.665,48,0.375,391,0.159,0,0.881,0.880,0.306,0.279,0.279,0.028,0.264,0.571,3.755,484.600
generations_480_alpha_0p1_mut_0p075_rho_0p3,generations,480,false,480,8,0.270,9,1.000,0.100,6.500,0.055,0.075,0.300,365,unsuccessful,flat,false,false,false,false,not_reached,not_reached,not_reached,72,0.362,31,0.326,449,0.164,0,0.886,0.827,0.168,0.238,0.168,0.070,0.130,0.601,4.022,498.896
generations_480_alpha_0p1_mut_0p075_rho_0p3,generations,480,false,480,8,0.270,9,1.000,0.100,6.500,0.055,0.075,0.300,368,unsuccessful,flat,false,false,false,false,not_reached,not_reached,not_reached,17,0.359,315,0.346,147,0.161,0,0.794,0.828,0.168,0.205,0.168,0.036,0.175,0.577,3.827,496.976
generations_480_alpha_0p1_mut_0p075_rho_0p3,generations,480,false,480,8,0.270,9,1.000,0.100,6.500,0.055,0.075,0.300,366,unsuccessful,flat,false,false,false,false,not_reached,not_reached,not_reached,37,0.354,320,0.413,102,0.168,0,0.769,0.828,0.188,0.242,0.188,0.055,0.139,0.588,3.902,498.740
generations_480_alpha_0p1_mut_0p075_rho_0p3,generations,480,false,480,8,0.270,9,1.000,0.100,6.500,0.055,0.075,0.300,364,unsuccessful,partial_transposition,false,false,false,false,not_reached,not_reached,not_reached,42,0.361,26,0.328,474,0.179,0,0.761,0.847,0.267,0.537,0.267,0.270,0.135,0.585,3.769,507.972
generations_480_alpha_0p1_mut_0p075_rho_0p3,generations,480,false,480,8,0.270,9,1.000,0.100,6.500,0.055,0.075,0.300,367,unsuccessful,flat,false,false,false,false,not_reached,not_reached,not_reached,127,0.307,243,0.418,138,0.173,0,0.854,0.893,0.182,0.222,0.182,0.040,0.123,0.585,4.061,505.695
generations_480_alpha_0p1_mut_0p075_rho_0p3,generations,480,false,480,8,0.270,9,1.000,0.100,6.500,0.055,0.075,0.300,369,unsuccessful,flat,false,false,false,false,not_reached,not_reached,not_reached,54,0.320,22,0.400,137,0.180,0,0.800,0.838,0.197,0.381,0.197,0.183,0.137,0.598,3.898,506.361
generations_480_alpha_0p1_mut_0p075_rho_0p3,generations,480,false,480,8,0.270,9,1.000,0.100,6.500,0.055,0.075,0.300,371,unsuccessful,flat,false,false,false,false,not_reached,not_reached,not_reached,56,0.348,125,0.373,372,0.151,0,0.754,0.828,0.170,0.141,0.141,0.028,0.268,0.571,3.758,503.146
generations_480_alpha_0p1_mut_0p075_rho_0p3,generations,480,false,480,8,0.270,9,1.000,0.100,6.500,0.055,0.075,0.300,370,unsuccessful,flat,false,false,false,false,not_reached,not_reached,not_reached,20,0.374,373,0.378,427,0.151,0,0.815,0.791,0.368,0.201,0.201,0.167,0.152,0.569,3.605,507.710
generations_480_alpha_0p1_mut_0p075_rho_0p3,generations,480,false,480,8,0.270,9,1.000,0.100,6.500,0.055,0.075,0.300,374,unsuccessful,flat,false,false,false,false,not_reached,not_reached,not_reached,50,0.450,19,0.396,369,0.157,0,0.833,0.851,0.156,0.173,0.156,0.017,0.165,0.596,4.018,503.788
generations_480_alpha_0p1_mut_0p075_rho_0p3,generations,480,false,480,8,0.270,9,1.000,0.100,6.500,0.055,0.075,0.300,373,unsuccessful,flat,false,false,false,false,not_reached,not_reached,not_reached,35,0.412,26,0.408,94,0.160,0,0.856,0.865,0.230,0.255,0.230,0.026,0.176,0.596,3.929,506.119
generations_480_alpha_0p1_mut_0p075_rho_0p3,generations,480,false,480,8,0.270,9,1.000,0.100,6.500,0.055,0.075,0.300,375,unsuccessful,flat,false,false,false,false,not_reached,not_reached,not_reached,14,0.334,464,0.429,119,0.159,0,0.805,0.886,0.127,0.173,0.127,0.046,0.236,0.598,4.031,510.292
generations_480_alpha_0p1_mut_0p075_rho_0p3,generations,480,false,480,8,0.270,9,1.000,0.100,6.500,0.055,0.075,0.300,376,unsuccessful,partial_transposition,false,false,false,false,not_reached,not_reached,not_reached,12,0.310,386,0.426,30,0.145,0,0.839,0.794,0.275,0.363,0.275,0.089,0.163,0.592,3.891,502.002
generations_480_alpha_0p1_mut_0p075_rho_0p3,generations,480,false,480,8,0.270,9,1.000,0.100,6.500,0.055,0.075,0.300,377,unsuccessful,flat,false,false,false,false,not_reached,not_reached,not_reached,34,0.346,32,0.360,344,0.158,0,0.837,0.829,0.224,0.211,0.211,0.013,0.177,0.589,3.901,506.881
generations_480_alpha_0p1_mut_0p075_rho_0p3,generations,480,false,480,8,0.270,9,1.000,0.100,6.500,0.055,0.075,0.300,378,unsuccessful,partial_transposition,false,false,false,false,not_reached,not_reached,not_reached,56,0.347,25,0.400,430,0.152,0,0.796,0.858,0.327,0.500,0.327,0.174,0.135,0.594,3.728,502.792
generations_480_alpha_0p1_mut_0p075_rho_0p3,generations,480,false,480,8,0.270,9,1.000,0.100,6.500,0.055,0.075,0.300,379,unsuccessful,partial_transposition,false,false,false,false,not_reached,not_reached,not_reached,34,0.432,438,0.365,202,0.161,0,0.866,0.776,0.334,0.265,0.265,0.068,0.120,0.555,3.656,502.112
generations_480_alpha_0p1_mut_0p075_rho_0p3,generations,480,false,480,8,0.270,9,1.000,0.100,6.500,0.055,0.075,0.300,381,unsuccessful,flat,false,false,false,false,not_reached,not_reached,not_reached,36,0.394,400,0.422,110,0.166,0,0.770,0.804,0.207,0.290,0.207,0.083,0.169,0.570,3.771,503.740
generations_480_alpha_0p1_mut_0p075_rho_0p3,generations,480,false,480,8,0.270,9,1.000,0.100,6.500,0.055,0.075,0.300,380,unsuccessful,flat,false,false,false,false,not_reached,not_reached,not_reached,50,0.338,128,0.396,178,0.172,0,0.770,0.878,0.199,0.301,0.199,0.101,0.155,0.590,3.854,505.728
generations_480_alpha_0p1_mut_0p075_rho_0p3,generations,480,false,480,8,0.270,9,1.000,0.100,6.500,0.055,0.075,0.300,383,unsuccessful,partial_transposition,false,false,false,false,not_reached,not_reached,not_reached,53,0.386,16,0.411,365,0.157,0,0.793,0.762,0.298,0.277,0.277,0.021,0.118,0.597,3.887,504.300
generations_480_alpha_0p1_mut_0p075_rho_0p3,generations,480,false,480,8,0.270,9,1.000,0.100,6.500,0.055,0.075,0.300,382,unsuccessful,partial_transposition,false,false,false,false,not_reached,not_reached,not_reached,97,0.370,29,0.408,428,0.160,0,0.772,0.893,0.334,0.264,0.264,0.071,0.142,0.574,3.782,508.534
generations_480_alpha_0p1_mut_0p075_rho_0p3,generations,480,false,480,8,0.270,9,1.000,0.100,6.500,0.055,0.075,0.300,388,unsuccessful,flat,false,false,false,false,not_reached,not_reached,not_reached,80,0.403,50,0.405,463,0.162,0,0.801,0.838,0.210,0.209,0.209,0.001,0.175,0.571,3.762,496.874
generations_480_alpha_0p1_mut_0p075_rho_0p3,generations,480,false,480,8,0.270,9,1.000,0.100,6.500,0.055,0.075,0.300,384,unsuccessful,flat,false,false,false,false,not_reached,not_reached,not_reached,24,0.311,232,0.386,80,0.154,0,0.761,0.829,0.176,0.250,0.176,0.074,0.212,0.572,3.769,508.236
generations_480_alpha_0p1_mut_0p075_rho_0p3,generations,480,false,480,8,0.270,9,1.000,0.100,6.500,0.055,0.075,0.300,385,unsuccessful,flat,false,false,false,false,not_reached,not_reached,not_reached,95,0.276,238,0.428,322,0.155,0,0.726,0.876,0.211,0.336,0.211,0.124,0.156,0.586,3.836,509.629
generations_480_alpha_0p1_mut_0p075_rho_0p3,generations,480,false,480,8,0.270,9,1.000,0.100,6.500,0.055,0.075,0.300,386,unsuccessful,flat,false,false,false,false,not_reached,not_reached,not_reached,19,0.343,15,0.452,33,0.163,0,0.844,0.807,0.238,0.203,0.203,0.035,0.137,0.598,3.930,508.002
generations_480_alpha_0p1_mut_0p075_rho_0p3,generations,480,false,480,8,0.270,9,1.000,0.100,6.500,0.055,0.075,0.300,387,unsuccessful,flat,false,false,false,false,not_reached,not_reached,not_reached,44,0.352,39,0.334,246,0.169,0,0.858,0.806,0.159,0.355,0.159,0.196,0.190,0.533,3.506,511.977
generations_480_alpha_0p1_mut_0p075_rho_0p3,generations,480,false,480,8,0.270,9,1.000,0.100,6.500,0.055,0.075,0.300,389,unsuccessful,partial_transposition,false,false,false,false,not_reached,not_reached,not_reached,48,0.333,187,0.328,258,0.151,0,0.878,0.841,0.272,0.288,0.272,0.016,0.148,0.573,3.764,508.093
generations_480_alpha_0p1_mut_0p075_rho_0p3,generations,480,false,480,8,0.270,9,1.000,0.100,6.500,0.055,0.075,0.300,390,unsuccessful,flat,false,false,false,false,not_reached,not_reached,not_reached,65,0.293,401,0.386,159,0.159,0,0.886,0.831,0.222,0.207,0.207,0.015,0.189,0.549,3.643,512.321
generations_480_alpha_0p1_mut_0p075_rho_0p3,generations,480,false,480,8,0.270,9,1.000,0.100,6.500,0.055,0.075,0.300,391,unsuccessful,flat,false,false,false,false,not_reached,not_reached,not_reached,21,0.353,408,0.465,308,0.157,0,0.726,0.783,0.176,0.372,0.176,0.196,0.220,0.563,3.742,505.901
generations_480_alpha_0p1_mut_0p075_rho_0p3,generations,480,false,480,8,0.270,9,1.000,0.100,6.500,0.055,0.075,0.300,392,unsuccessful,partial_transposition,false,false,false,false,not_reached,not_reached,not_reached,53,0.390,54,0.437,402,0.162,0,0.751,0.836,0.365,0.353,0.353,0.012,0.263,0.569,3.563,500.668
generations_480_alpha_0p1_mut_0p075_rho_0p3,generations,480,false,480,8,0.270,9,1.000,0.100,6.500,0.055,0.075,0.300,393,unsuccessful,flat,false,false,false,false,not_reached,not_reached,34,33,0.544,34,0.384,234,0.182,0,0.826,0.873,0.116,0.102,0.102,0.014,0.111,0.621,4.225,505.047
generations_480_alpha_0p1_mut_0p075_rho_0p3,generations,480,false,480,8,0.270,9,1.000,0.100,6.500,0.055,0.075,0.300,394,unsuccessful,partial_transposition,false,false,false,false,not_reached,not_reached,not_reached,65,0.364,334,0.386,451,0.157,0,0.884,0.775,0.288,0.284,0.284,0.004,0.303,0.565,3.442,508.027
generations_480_alpha_0p1_mut_0p075_rho_0p3,generations,480,false,480,8,0.270,9,1.000,0.100,6.500,0.055,0.075,0.300,395,unsuccessful,flat,false,false,false,false,not_reached,not_reached,not_reached,58,0.306,96,0.441,249,0.168,0,0.708,0.826,0.187,0.166,0.166,0.022,0.140,0.564,3.745,507.514
generations_480_alpha_0p1_mut_0p075_rho_0p3,generations,480,false,480,8,0.270,9,1.000,0.100,6.500,0.055,0.075,0.300,397,unsuccessful,flat,false,false,false,false,not_reached,not_reached,not_reached,17,0.370,343,0.396,144,0.148,0,0.797,0.913,0.224,0.326,0.224,0.102,0.112,0.622,4.234,501.655
generations_480_alpha_0p1_mut_0p075_rho_0p3,generations,480,false,480,8,0.270,9,1.000,0.100,6.500,0.055,0.075,0.300,398,unsuccessful,flat,false,false,false,false,not_reached,not_reached,not_reached,19,0.286,456,0.500,25,0.171,0,0.832,0.891,0.234,0.325,0.234,0.090,0.094,0.567,3.806,501.446
generations_480_alpha_0p1_mut_0p075_rho_0p3,generations,480,false,480,8,0.270,9,1.000,0.100,6.500,0.055,0.075,0.300,396,unsuccessful,gravity_without_vertical,false,true,false,false,36,not_reached,not_reached,29,0.341,87,0.537,38,0.186,0,0.863,0.707,0.337,0.349,0.337,0.012,0.102,0.560,3.635,506.024
generations_480_alpha_0p1_mut_0p075_rho_0p3,generations,480,false,480,8,0.270,9,1.000,0.100,6.500,0.055,0.075,0.300,399,unsuccessful,flat,false,false,false,false,not_reached,not_reached,not_reached,66,0.479,28,0.392,464,0.189,0,0.768,0.809,0.154,0.222,0.154,0.068,0.168,0.581,3.746,503.593
generations_960_alpha_0p1_mut_0p075_rho_0p3,generations,960,false,960,8,0.270,9,1.000,0.100,6.500,0.055,0.075,0.300,300,unsuccessful,flat,false,false,false,false,not_reached,not_reached,25,19,0.688,35,0.398,516,0.153,0,0.856,0.707,0.199,0.155,0.155,0.044,0.169,0.579,3.819,1018.322
generations_960_alpha_0p1_mut_0p075_rho_0p3,generations,960,false,960,8,0.270,9,1.000,0.100,6.500,0.055,0.075,0.300,304,unsuccessful,partial_transposition,false,false,false,false,not_reached,not_reached,not_reached,19,0.445,662,0.391,189,0.165,0,0.745,0.779,0.306,0.361,0.306,0.055,0.150,0.587,3.797,1010.820
generations_960_alpha_0p1_mut_0p075_rho_0p3,generations,960,false,960,8,0.270,9,1.000,0.100,6.500,0.055,0.075,0.300,301,unsuccessful,flat,false,false,false,false,not_reached,not_reached,not_reached,28,0.318,315,0.388,757,0.155,0,0.741,0.790,0.238,0.324,0.238,0.086,0.223,0.537,3.431,1023.642
generations_960_alpha_0p1_mut_0p075_rho_0p3,generations,960,false,960,8,0.270,9,1.000,0.100,6.500,0.055,0.075,0.300,302,unsuccessful,flat,false,false,false,false,not_reached,not_reached,not_reached,27,0.360,285,0.407,40,0.160,0,0.887,0.774,0.163,0.274,0.163,0.111,0.181,0.575,3.775,1022.097
generations_960_alpha_0p1_mut_0p075_rho_0p3,generations,960,false,960,8,0.270,9,1.000,0.100,6.500,0.055,0.075,0.300,303,unsuccessful,flat,false,false,false,false,not_reached,not_reached,not_reached,27,0.371,39,0.371,433,0.168,0,0.824,0.805,0.250,0.250,0.250,0.000,0.200,0.602,3.902,1024.818
generations_960_alpha_0p1_mut_0p075_rho_0p3,generations,960,false,960,8,0.270,9,1.000,0.100,6.500,0.055,0.075,0.300,306,unsuccessful,gravity_without_vertical,false,true,false,false,580,not_reached,not_reached,29,0.397,562,0.516,956,0.168,0,0.716,0.856,0.500,0.484,0.484,0.016,0.100,0.587,3.767,1009.005
generations_960_alpha_0p1_mut_0p075_rho_0p3,generations,960,false,960,8,0.270,9,1.000,0.100,6.500,0.055,0.075,0.300,305,unsuccessful,flat,false,false,false,false,not_reached,not_reached,not_reached,27,0.421,101,0.490,276,0.183,0,0.793,0.800,0.161,0.327,0.161,0.166,0.155,0.565,3.664,1028.629
generations_960_alpha_0p1_mut_0p075_rho_0p3,generations,960,false,960,8,0.270,9,1.000,0.100,6.500,0.055,0.075,0.300,307,unsuccessful,flat,false,false,false,false,not_reached,not_reached,not_reached,52,0.326,36,0.455,254,0.162,0,0.909,0.869,0.112,0.157,0.112,0.044,0.141,0.597,4.106,1028.864
generations_960_alpha_0p1_mut_0p075_rho_0p3,generations,960,false,960,8,0.270,9,1.000,0.100,6.500,0.055,0.075,0.300,308,unsuccessful,partial_transposition,false,false,false,false,not_reached,not_reached,not_reached,81,0.366,842,0.406,489,0.173,0,0.764,0.853,0.283,0.372,0.283,0.089,0.213,0.591,3.869,1008.736
generations_960_alpha_0p1_mut_0p075_rho_0p3,generations,960,false,960,8,0.270,9,1.000,0.100,6.500,0.055,0.075,0.300,309,unsuccessful,flat,false,false,false,false,not_reached,not_reached,not_reached,26,0.300,945,0.428,505,0.166,0,0.877,0.805,0.206,0.183,0.183,0.023,0.131,0.597,3.905,1021.959
generations_960_alpha_0p1_mut_0p075_rho_0p3,generations,960,false,960,8,0.270,9,1.000,0.100,6.500,0.055,0.075,0.300,310,unsuccessful,flat,false,false,false,false,not_reached,not_reached,not_reached,17,0.476,43,0.353,175,0.166,0,0.743,0.892,0.168,0.361,0.168,0.193,0.168,0.552,3.542,1020.779
generations_960_alpha_0p1_mut_0p075_rho_0p3,generations,960,false,960,8,0.270,9,1.000,0.100,6.500,0.055,0.075,0.300,311,unsuccessful,flat,false,false,false,false,not_reached,not_reached,not_reached,22,0.390,67,0.444,66,0.176,0,0.744,0.769,0.170,0.229,0.170,0.059,0.247,0.558,3.512,1025.150
generations_960_alpha_0p1_mut_0p075_rho_0p3,generations,960,false,960,8,0.270,9,1.000,0.100,6.500,0.055,0.075,0.300,313,unsuccessful,partial_transposition,false,false,false,false,not_reached,not_reached,not_reached,29,0.309,240,0.447,169,0.162,0,0.851,0.770,0.325,0.491,0.325,0.167,0.209,0.542,3.256,1015.861
generations_960_alpha_0p1_mut_0p075_rho_0p3,generations,960,false,960,8,0.270,9,1.000,0.100,6.500,0.055,0.075,0.300,312,unsuccessful,flat,false,false,false,false,not_reached,not_reached,23,26,0.524,23,0.411,43,0.158,0,0.761,0.788,0.174,0.277,0.174,0.103,0.159,0.606,3.952,1019.730
generations_960_alpha_0p1_mut_0p075_rho_0p3,generations,960,false,960,8,0.270,9,1.000,0.100,6.500,0.055,0.075,0.300,315,unsuccessful,flat,false,false,false,false,not_reached,not_reached,not_reached,128,0.377,40,0.403,767,0.167,0,0.803,0.765,0.155,0.253,0.155,0.097,0.134,0.602,3.984,1017.167
generations_960_alpha_0p1_mut_0p075_rho_0p3,generations,960,false,960,8,0.270,9,1.000,0.100,6.500,0.055,0.075,0.300,314,unsuccessful,flat,false,false,false,false,not_reached,not_reached,not_reached,65,0.340,639,0.383,789,0.165,0,0.900,0.788,0.218,0.116,0.116,0.103,0.115,0.592,3.932,1022.748
generations_960_alpha_0p1_mut_0p075_rho_0p3,generations,960,false,960,8,0.270,9,1.000,0.100,6.500,0.055,0.075,0.300,316,unsuccessful,partial_transposition,false,false,false,false,not_reached,not_reached,not_reached,53,0.388,40,0.334,593,0.174,0,0.873,0.834,0.302,0.260,0.260,0.042,0.092,0.559,3.725,1019.559
generations_960_alpha_0p1_mut_0p075_rho_0p3,generations,960,false,960,8,0.270,9,1.000,0.100,6.500,0.055,0.075,0.300,317,unsuccessful,flat,false,false,false,false,not_reached,not_reached,not_reached,37,0.400,113,0.388,49,0.157,0,0.756,0.895,0.162,0.097,0.097,0.066,0.175,0.599,3.972,1023.188
generations_960_alpha_0p1_mut_0p075_rho_0p3,generations,960,false,960,8,0.270,9,1.000,0.100,6.500,0.055,0.075,0.300,319,unsuccessful,partial_transposition,false,false,false,false,not_reached,not_reached,not_reached,23,0.336,256,0.448,707,0.182,0,0.738,0.803,0.262,0.272,0.262,0.010,0.113,0.594,3.891,1018.514
generations_960_alpha_0p1_mut_0p075_rho_0p3,generations,960,false,960,8,0.270,9,1.000,0.100,6.500,0.055,0.075,0.300,318,unsuccessful,flat,false,false,false,false,not_reached,not_reached,not_reached,41,0.365,944,0.404,358,0.146,0,0.776,0.924,0.125,0.212,0.125,0.087,0.203,0.600,3.938,1027.734
generations_960_alpha_0p1_mut_0p075_rho_0p3,generations,960,false,960,8,0.270,9,1.000,0.100,6.500,0.055,0.075,0.300,320,unsuccessful,partial_transposition,false,false,false,false,not_reached,not_reached,not_reached,24,0.347,21,0.435,652,0.158,0,0.851,0.845,0.304,0.396,0.304,0.092,0.163,0.591,3.943,1029.272
generations_960_alpha_0p1_mut_0p075_rho_0p3,generations,960,false,960,8,0.270,9,1.000,0.100,6.500,0.055,0.075,0.300,321,unsuccessful,flat,false,false,false,false,not_reached,not_reached,not_reached,23,0.369,716,0.334,801,0.177,0,0.764,0.813,0.212,0.284,0.212,0.073,0.181,0.588,3.905,1028.460
generations_960_alpha_0p1_mut_0p075_rho_0p3,generations,960,false,960,8,0.270,9,1.000,0.100,6.500,0.055,0.075,0.300,322,unsuccessful,flat,false,false,false,false,not_reached,not_reached,not_reached,43,0.353,678,0.422,768,0.161,0,0.821,0.818,0.247,0.416,0.247,0.169,0.177,0.587,3.774,1025.851
generations_960_alpha_0p1_mut_0p075_rho_0p3,generations,960,false,960,8,0.270,9,1.000,0.100,6.500,0.055,0.075,0.300,323,unsuccessful,partial_transposition,false,false,false,false,not_reached,not_reached,not_reached,47,0.301,540,0.462,257,0.172,0,0.883,0.885,0.298,0.344,0.298,0.046,0.157,0.587,3.889,1028.296
generations_960_alpha_0p1_mut_0p075_rho_0p3,generations,960,false,960,8,0.270,9,1.000,0.100,6.500,0.055,0.075,0.300,324,unsuccessful,flat,false,false,false,false,not_reached,not_reached,not_reached,22,0.477,892,0.405,139,0.145,0,0.816,0.758,0.198,0.328,0.198,0.130,0.174,0.563,3.569,1010.494
generations_960_alpha_0p1_mut_0p075_rho_0p3,generations,960,false,960,8,0.270,9,1.000,0.100,6.500,0.055,0.075,0.300,326,unsuccessful,gravity_without_vertical,false,true,false,false,488,not_reached,not_reached,33,0.490,72,0.531,488,0.176,0,0.908,0.829,0.147,0.318,0.147,0.171,0.231,0.579,3.792,1011.299
generations_960_alpha_0p1_mut_0p075_rho_0p3,generations,960,false,960,8,0.270,9,1.000,0.100,6.500,0.055,0.075,0.300,325,unsuccessful,flat,false,false,false,false,not_reached,not_reached,not_reached,39,0.351,702,0.420,324,0.167,0,0.866,0.812,0.240,0.317,0.240,0.077,0.150,0.578,3.830,1024.816
generations_960_alpha_0p1_mut_0p075_rho_0p3,generations,960,false,960,8,0.270,9,1.000,0.100,6.500,0.055,0.075,0.300,327,unsuccessful,flat,false,false,false,false,not_reached,not_reached,not_reached,20,0.362,795,0.415,39,0.164,0,0.844,0.829,0.219,0.197,0.197,0.022,0.164,0.593,3.903,1014.607
generations_960_alpha_0p1_mut_0p075_rho_0p3,generations,960,false,960,8,0.270,9,1.000,0.100,6.500,0.055,0.075,0.300,328,unsuccessful,flat,false,false,false,false,not_reached,not_reached,not_reached,17,0.434,47,0.441,506,0.168,0,0.799,0.798,0.187,0.223,0.187,0.037,0.202,0.597,3.909,1009.206
generations_960_alpha_0p1_mut_0p075_rho_0p3,generations,960,false,960,8,0.270,9,1.000,0.100,6.500,0.055,0.075,0.300,329,unsuccessful,flat,false,false,false,false,not_reached,not_reached,not_reached,63,0.473,44,0.435,926,0.165,0,0.809,0.849,0.171,0.236,0.171,0.064,0.301,0.586,3.767,1010.441
generations_960_alpha_0p1_mut_0p075_rho_0p3,generations,960,false,960,8,0.270,9,1.000,0.100,6.500,0.055,0.075,0.300,331,unsuccessful,flat,false,false,false,false,not_reached,not_reached,not_reached,17,0.425,37,0.418,157,0.173,0,0.734,0.727,0.216,0.166,0.166,0.049,0.232,0.570,3.673,1015.327
generations_960_alpha_0p1_mut_0p075_rho_0p3,generations,960,false,960,8,0.270,9,1.000,0.100,6.500,0.055,0.075,0.300,330,unsuccessful,flat,false,false,false,false,not_reached,not_reached,not_reached,23,0.327,761,0.425,509,0.158,0,0.756,0.750,0.188,0.201,0.188,0.013,0.153,0.580,3.782,1017.630
generations_960_alpha_0p1_mut_0p075_rho_0p3,generations,960,false,960,8,0.270,9,1.000,0.100,6.500,0.055,0.075,0.300,332,unsuccessful,flat,false,false,false,false,not_reached,not_reached,not_reached,18,0.361,17,0.396,670,0.166,0,0.861,0.835,0.234,0.224,0.224,0.010,0.276,0.568,3.705,1026.745
generations_960_alpha_0p1_mut_0p075_rho_0p3,generations,960,false,960,8,0.270,9,1.000,0.100,6.500,0.055,0.075,0.300,333,unsuccessful,flat,false,false,false,false,not_reached,not_reached,not_reached,29,0.367,446,0.401,425,0.166,0,0.833,0.772,0.159,0.294,0.159,0.135,0.206,0.580,3.774,1022.397
generations_960_alpha_0p1_mut_0p075_rho_0p3,generations,960,false,960,8,0.270,9,1.000,0.100,6.500,0.055,0.075,0.300,335,unsuccessful,flat,false,false,false,false,not_reached,not_reached,not_reached,29,0.425,61,0.384,840,0.152,0,0.785,0.808,0.253,0.150,0.150,0.103,0.157,0.600,4.010,1021.322
generations_960_alpha_0p1_mut_0p075_rho_0p3,generations,960,false,960,8,0.270,9,1.000,0.100,6.500,0.055,0.075,0.300,334,unsuccessful,flat,false,false,false,false,not_reached,not_reached,not_reached,28,0.350,611,0.437,561,0.164,0,0.837,0.881,0.177,0.197,0.177,0.019,0.177,0.601,4.033,1027.675
generations_960_alpha_0p1_mut_0p075_rho_0p3,generations,960,false,960,8,0.270,9,1.000,0.100,6.500,0.055,0.075,0.300,336,unsuccessful,flat,false,false,false,false,not_reached,not_reached,not_reached,79,0.290,543,0.406,648,0.153,0,0.639,0.725,0.243,0.333,0.243,0.090,0.179,0.583,3.654,1024.733
generations_960_alpha_0p1_mut_0p075_rho_0p3,generations,960,false,960,8,0.270,9,1.000,0.100,6.500,0.055,0.075,0.300,337,unsuccessful,partial_transposition,false,false,false,false,not_reached,not_reached,not_reached,24,0.336,260,0.470,380,0.161,0,0.849,0.837,0.356,0.336,0.336,0.020,0.101,0.578,3.643,1023.197
generations_960_alpha_0p1_mut_0p075_rho_0p3,generations,960,false,960,8,0.270,9,1.000,0.100,6.500,0.055,0.075,0.300,338,unsuccessful,flat,false,false,false,false,not_reached,not_reached,not_reached,68,0.375,764,0.392,598,0.164,0,0.873,0.797,0.361,0.146,0.146,0.215,0.223,0.592,3.824,1020.594
generations_960_alpha_0p1_mut_0p075_rho_0p3,generations,960,false,960,8,0.270,9,1.000,0.100,6.500,0.055,0.075,0.300,339,unsuccessful,flat,false,false,false,false,not_reached,not_reached,not_reached,50,0.494,32,0.478,59,0.154,0,0.713,0.790,0.215,0.279,0.215,0.064,0.164,0.571,3.750,1021.684
generations_960_alpha_0p1_mut_0p075_rho_0p3,generations,960,false,960,8,0.270,9,1.000,0.100,6.500,0.055,0.075,0.300,340,unsuccessful,flat,false,false,false,false,not_reached,not_reached,not_reached,22,0.355,842,0.441,145,0.169,0,0.834,0.848,0.303,0.153,0.153,0.150,0.161,0.581,3.818,1015.608
generations_960_alpha_0p1_mut_0p075_rho_0p3,generations,960,false,960,8,0.270,9,1.000,0.100,6.500,0.055,0.075,0.300,341,unsuccessful,flat,false,false,false,false,not_reached,not_reached,not_reached,38,0.349,814,0.386,123,0.168,0,0.788,0.751,0.157,0.202,0.157,0.045,0.149,0.564,3.621,1016.588
generations_960_alpha_0p1_mut_0p075_rho_0p3,generations,960,false,960,8,0.270,9,1.000,0.100,6.500,0.055,0.075,0.300,342,unsuccessful,partial_transposition,false,false,false,false,not_reached,not_reached,not_reached,49,0.419,31,0.423,668,0.163,0,0.869,0.819,0.284,0.311,0.284,0.027,0.127,0.600,3.880,1021.286
generations_960_alpha_0p1_mut_0p075_rho_0p3,generations,960,false,960,8,0.270,9,1.000,0.100,6.500,0.055,0.075,0.300,343,unsuccessful,flat,false,false,false,false,not_reached,not_reached,not_reached,20,0.370,589,0.489,619,0.154,0,0.679,0.902,0.322,0.223,0.223,0.098,0.148,0.558,3.583,1019.408
generations_960_alpha_0p1_mut_0p075_rho_0p3,generations,960,false,960,8,0.270,9,1.000,0.100,6.500,0.055,0.075,0.300,344,unsuccessful,flat,false,false,false,false,not_reached,not_reached,not_reached,20,0.297,22,0.362,899,0.161,0,0.747,0.833,0.237,0.180,0.180,0.057,0.197,0.599,3.906,1013.838
generations_960_alpha_0p1_mut_0p075_rho_0p3,generations,960,false,960,8,0.270,9,1.000,0.100,6.500,0.055,0.075,0.300,346,unsuccessful,flat,false,false,false,false,not_reached,not_reached,29,20,0.683,55,0.394,750,0.168,0,0.753,0.816,0.234,0.174,0.174,0.060,0.163,0.592,3.849,1012.554
generations_960_alpha_0p1_mut_0p075_rho_0p3,generations,960,false,960,8,0.270,9,1.000,0.100,6.500,0.055,0.075,0.300,345,successful,success,true,true,true,false,707,723,708,25,0.941,939,0.904,926,0.173,0,0.798,0.796,0.848,0.840,0.840,0.008,0.873,0.585,3.992,1024.786
generations_960_alpha_0p1_mut_0p075_rho_0p3,generations,960,false,960,8,0.270,9,1.000,0.100,6.500,0.055,0.075,0.300,347,unsuccessful,flat,false,false,false,false,not_reached,not_reached,not_reached,144,0.335,24,0.347,519,0.160,0,0.852,0.810,0.232,0.231,0.231,0.001,0.177,0.595,3.934,1022.669
generations_960_alpha_0p1_mut_0p075_rho_0p3,generations,960,false,960,8,0.270,9,1.000,0.100,6.500,0.055,0.075,0.300,348,unsuccessful,flat,false,false,false,false,not_reached,not_reached,not_reached,13,0.350,785,0.416,795,0.172,0,0.856,0.820,0.233,0.130,0.130,0.103,0.215,0.589,3.936,1021.160
generations_960_alpha_0p1_mut_0p075_rho_0p3,generations,960,false,960,8,0.270,9,1.000,0.100,6.500,0.055,0.075,0.300,349,unsuccessful,flat,false,false,false,false,not_reached,not_reached,not_reached,25,0.380,226,0.407,410,0.156,0,0.808,0.789,0.192,0.224,0.192,0.031,0.376,0.569,3.591,1019.916
generations_960_alpha_0p1_mut_0p075_rho_0p3,generations,960,false,960,8,0.270,9,1.000,0.100,6.500,0.055,0.075,0.300,350,unsuccessful,partial_transposition,false,false,false,false,not_reached,not_reached,not_reached,43,0.407,22,0.408,521,0.166,0,0.728,0.873,0.304,0.448,0.304,0.144,0.203,0.556,3.431,1017.636
generations_960_alpha_0p1_mut_0p075_rho_0p3,generations,960,false,960,8,0.270,9,1.000,0.100,6.500,0.055,0.075,0.300,351,unsuccessful,flat,false,false,false,false,not_reached,not_reached,not_reached,61,0.437,59,0.444,897,0.147,0,0.869,0.886,0.255,0.223,0.223,0.032,0.142,0.597,4.045,1019.298
generations_960_alpha_0p1_mut_0p075_rho_0p3,generations,960,false,960,8,0.270,9,1.000,0.100,6.500,0.055,0.075,0.300,353,unsuccessful,gravity_without_vertical,false,true,false,false,44,58,44,14,0.902,156,0.894,155,0.158,0,0.779,0.851,0.186,0.228,0.186,0.042,0.208,0.600,3.910,1021.622
generations_960_alpha_0p1_mut_0p075_rho_0p3,generations,960,false,960,8,0.270,9,1.000,0.100,6.500,0.055,0.075,0.300,352,unsuccessful,partial_transposition,false,false,false,false,not_reached,not_reached,not_reached,49,0.352,532,0.367,296,0.160,0,0.699,0.881,0.280,0.331,0.280,0.050,0.126,0.570,3.646,1026.033
generations_960_alpha_0p1_mut_0p075_rho_0p3,generations,960,false,960,8,0.270,9,1.000,0.100,6.500,0.055,0.075,0.300,354,unsuccessful,flat,false,false,false,false,not_reached,not_reached,not_reached,45,0.322,29,0.394,76,0.167,0,0.788,0.769,0.202,0.188,0.188,0.014,0.272,0.568,3.610,1021.525
generations_960_alpha_0p1_mut_0p075_rho_0p3,generations,960,false,960,8,0.270,9,1.000,0.100,6.500,0.055,0.075,0.300,355,unsuccessful,flat,false,false,false,false,not_reached,not_reached,not_reached,16,0.383,30,0.427,52,0.154,0,0.798,0.795,0.165,0.275,0.165,0.110,0.141,0.565,3.717,1022.507
generations_960_alpha_0p1_mut_0p075_rho_0p3,generations,960,false,960,8,0.270,9,1.000,0.100,6.500,0.055,0.075,0.300,356,unsuccessful,flat,false,false,false,false,not_reached,not_reached,not_reached,48,0.305,861,0.392,129,0.169,0,0.836,0.780,0.174,0.193,0.174,0.019,0.177,0.590,3.847,1015.750
generations_960_alpha_0p1_mut_0p075_rho_0p3,generations,960,false,960,8,0.270,9,1.000,0.100,6.500,0.055,0.075,0.300,357,unsuccessful,partial_transposition,false,false,false,false,not_reached,not_reached,not_reached,27,0.498,41,0.427,623,0.171,0,0.871,0.852,0.309,0.475,0.309,0.166,0.159,0.591,3.923,1008.964
generations_960_alpha_0p1_mut_0p075_rho_0p3,generations,960,false,960,8,0.270,9,1.000,0.100,6.500,0.055,0.075,0.300,358,unsuccessful,flat,false,false,false,false,not_reached,not_reached,not_reached,27,0.333,400,0.456,128,0.156,0,0.829,0.787,0.114,0.485,0.114,0.370,0.134,0.580,3.728,1020.305
generations_960_alpha_0p1_mut_0p075_rho_0p3,generations,960,false,960,8,0.270,9,1.000,0.100,6.500,0.055,0.075,0.300,359,unsuccessful,flat,false,false,false,false,not_reached,not_reached,not_reached,43,0.415,22,0.408,710,0.165,0,0.829,0.754,0.292,0.209,0.209,0.082,0.183,0.551,3.592,1022.405
generations_960_alpha_0p1_mut_0p075_rho_0p3,generations,960,false,960,8,0.270,9,1.000,0.100,6.500,0.055,0.075,0.300,360,unsuccessful,flat,false,false,false,false,not_reached,not_reached,not_reached,22,0.379,89,0.387,719,0.170,0,0.892,0.900,0.234,0.305,0.234,0.071,0.173,0.602,4.009,1006.065
generations_960_alpha_0p1_mut_0p075_rho_0p3,generations,960,false,960,8,0.270,9,1.000,0.100,6.500,0.055,0.075,0.300,362,unsuccessful,flat,false,false,false,false,not_reached,not_reached,not_reached,36,0.350,706,0.386,375,0.174,0,0.882,0.857,0.173,0.200,0.173,0.027,0.149,0.594,3.965,1017.245
generations_960_alpha_0p1_mut_0p075_rho_0p3,generations,960,false,960,8,0.270,9,1.000,0.100,6.500,0.055,0.075,0.300,361,unsuccessful,flat,false,false,false,false,not_reached,not_reached,not_reached,42,0.439,336,0.428,952,0.159,0,0.651,0.836,0.215,0.216,0.215,0.000,0.125,0.558,3.668,1026.273
generations_960_alpha_0p1_mut_0p075_rho_0p3,generations,960,false,960,8,0.270,9,1.000,0.100,6.500,0.055,0.075,0.300,363,unsuccessful,flat,false,false,false,false,not_reached,not_reached,not_reached,36,0.341,932,0.408,58,0.186,0,0.871,0.893,0.167,0.319,0.167,0.151,0.163,0.607,4.011,1018.002
generations_960_alpha_0p1_mut_0p075_rho_0p3,generations,960,false,960,8,0.270,9,1.000,0.100,6.500,0.055,0.075,0.300,365,unsuccessful,flat,false,false,false,false,not_reached,not_reached,not_reached,72,0.362,31,0.385,879,0.164,0,0.869,0.843,0.128,0.192,0.128,0.064,0.244,0.594,3.926,1016.099
generations_960_alpha_0p1_mut_0p075_rho_0p3,generations,960,false,960,8,0.270,9,1.000,0.100,6.500,0.055,0.075,0.300,366,unsuccessful,flat,false,false,false,false,not_reached,not_reached,not_reached,37,0.354,320,0.478,600,0.168,0,0.742,0.847,0.192,0.217,0.192,0.025,0.160,0.603,4.020,1019.572
generations_960_alpha_0p1_mut_0p075_rho_0p3,generations,960,false,960,8,0.270,9,1.000,0.100,6.500,0.055,0.075,0.300,364,unsuccessful,flat,false,false,false,false,not_reached,not_reached,not_reached,42,0.391,780,0.393,544,0.179,0,0.829,0.834,0.140,0.238,0.140,0.098,0.190,0.573,3.751,1026.297
generations_960_alpha_0p1_mut_0p075_rho_0p3,generations,960,false,960,8,0.270,9,1.000,0.100,6.500,0.055,0.075,0.300,368,unsuccessful,flat,false,false,false,false,not_reached,not_reached,not_reached,17,0.359,315,0.374,800,0.161,0,0.830,0.742,0.179,0.269,0.179,0.090,0.145,0.590,3.789,1004.032
generations_960_alpha_0p1_mut_0p075_rho_0p3,generations,960,false,960,8,0.270,9,1.000,0.100,6.500,0.055,0.075,0.300,367,unsuccessful,flat,false,false,false,false,not_reached,not_reached,not_reached,127,0.307,243,0.418,138,0.173,0,0.748,0.798,0.265,0.146,0.146,0.119,0.139,0.589,3.896,1026.485
generations_960_alpha_0p1_mut_0p075_rho_0p3,generations,960,false,960,8,0.270,9,1.000,0.100,6.500,0.055,0.075,0.300,369,unsuccessful,flat,false,false,false,false,not_reached,not_reached,not_reached,54,0.384,829,0.400,137,0.180,0,0.647,0.897,0.249,0.352,0.249,0.103,0.214,0.586,3.752,1029.912
generations_960_alpha_0p1_mut_0p075_rho_0p3,generations,960,false,960,8,0.270,9,1.000,0.100,6.500,0.055,0.075,0.300,371,unsuccessful,partial_transposition,false,false,false,false,not_reached,not_reached,not_reached,56,0.361,618,0.464,772,0.151,0,0.728,0.879,0.292,0.255,0.255,0.037,0.143,0.563,3.767,1021.178
generations_960_alpha_0p1_mut_0p075_rho_0p3,generations,960,false,960,8,0.270,9,1.000,0.100,6.500,0.055,0.075,0.300,370,unsuccessful,partial_transposition,false,false,false,false,not_reached,not_reached,not_reached,20,0.374,373,0.411,831,0.151,0,0.835,0.869,0.307,0.356,0.307,0.049,0.246,0.594,3.893,1033.843
generations_960_alpha_0p1_mut_0p075_rho_0p3,generations,960,false,960,8,0.270,9,1.000,0.100,6.500,0.055,0.075,0.300,372,unsuccessful,gravity_without_vertical,false,true,false,false,716,not_reached,44,16,0.665,48,0.644,723,0.159,0,0.800,0.859,0.207,0.162,0.162,0.045,0.192,0.588,3.848,999.979
generations_960_alpha_0p1_mut_0p075_rho_0p3,generations,960,false,960,8,0.270,9,1.000,0.100,6.500,0.055,0.075,0.300,373,unsuccessful,flat,false,false,false,false,not_reached,not_reached,not_reached,35,0.412,26,0.408,94,0.160,0,0.840,0.833,0.214,0.355,0.214,0.141,0.208,0.568,3.738,1024.674
generations_960_alpha_0p1_mut_0p075_rho_0p3,generations,960,false,960,8,0.270,9,1.000,0.100,6.500,0.055,0.075,0.300,374,unsuccessful,flat,false,false,false,false,not_reached,not_reached,not_reached,50,0.450,19,0.431,827,0.157,0,0.887,0.818,0.200,0.279,0.200,0.079,0.162,0.592,3.788,1025.260
generations_960_alpha_0p1_mut_0p075_rho_0p3,generations,960,false,960,8,0.270,9,1.000,0.100,6.500,0.055,0.075,0.300,375,unsuccessful,flat,false,false,false,false,not_reached,not_reached,not_reached,14,0.334,464,0.459,602,0.159,0,0.704,0.758,0.291,0.215,0.215,0.076,0.171,0.572,3.670,1031.089
generations_960_alpha_0p1_mut_0p075_rho_0p3,generations,960,false,960,8,0.270,9,1.000,0.100,6.500,0.055,0.075,0.300,376,unsuccessful,flat,false,false,false,false,not_reached,not_reached,not_reached,12,0.310,386,0.445,862,0.145,0,0.894,0.882,0.188,0.428,0.188,0.240,0.098,0.595,3.991,1016.472
generations_960_alpha_0p1_mut_0p075_rho_0p3,generations,960,false,960,8,0.270,9,1.000,0.100,6.500,0.055,0.075,0.300,379,unsuccessful,partial_transposition,false,false,false,false,not_reached,not_reached,not_reached,34,0.432,438,0.415,528,0.161,0,0.808,0.840,0.334,0.447,0.334,0.113,0.182,0.558,3.604,1011.614
generations_960_alpha_0p1_mut_0p075_rho_0p3,generations,960,false,960,8,0.270,9,1.000,0.100,6.500,0.055,0.075,0.300,378,unsuccessful,flat,false,false,false,false,not_reached,not_reached,not_reached,56,0.451,936,0.434,833,0.152,0,0.781,0.790,0.236,0.322,0.236,0.085,0.170,0.580,3.753,1018.734
generations_960_alpha_0p1_mut_0p075_rho_0p3,generations,960,false,960,8,0.270,9,1.000,0.100,6.500,0.055,0.075,0.300,377,unsuccessful,flat,false,false,false,false,not_reached,not_reached,not_reached,34,0.346,32,0.456,865,0.158,0,0.851,0.813,0.203,0.208,0.203,0.006,0.179,0.573,3.769,1028.647
generations_960_alpha_0p1_mut_0p075_rho_0p3,generations,960,false,960,8,0.270,9,1.000,0.100,6.500,0.055,0.075,0.300,380,unsuccessful,flat,false,false,false,false,not_reached,not_reached,not_reached,50,0.338,128,0.447,766,0.172,0,0.875,0.766,0.224,0.176,0.176,0.048,0.151,0.569,3.807,1023.116
generations_960_alpha_0p1_mut_0p075_rho_0p3,generations,960,false,960,8,0.270,9,1.000,0.100,6.500,0.055,0.075,0.300,381,unsuccessful,partial_transposition,false,false,false,false,not_reached,not_reached,not_reached,36,0.394,400,0.422,110,0.166,0,0.784,0.841,0.301,0.292,0.292,0.009,0.215,0.581,3.788,1017.677
generations_960_alpha_0p1_mut_0p075_rho_0p3,generations,960,false,960,8,0.270,9,1.000,0.100,6.500,0.055,0.075,0.300,383,unsuccessful,flat,false,false,false,false,not_reached,not_reached,not_reached,53,0.386,16,0.413,879,0.157,0,0.804,0.869,0.336,0.232,0.232,0.104,0.172,0.590,3.919,1024.874
generations_960_alpha_0p1_mut_0p075_rho_0p3,generations,960,false,960,8,0.270,9,1.000,0.100,6.500,0.055,0.075,0.300,384,unsuccessful,flat,false,false,false,false,not_reached,not_reached,not_reached,24,0.311,232,0.456,535,0.154,0,0.846,0.820,0.215,0.223,0.215,0.009,0.201,0.578,3.803,1021.395
generations_960_alpha_0p1_mut_0p075_rho_0p3,generations,960,false,960,8,0.270,9,1.000,0.100,6.500,0.055,0.075,0.300,382,unsuccessful,partial_transposition,false,false,false,false,not_reached,not_reached,not_reached,97,0.373,698,0.408,428,0.160,0,0.791,0.818,0.417,0.354,0.354,0.064,0.127,0.577,3.684,1030.914
generations_960_alpha_0p1_mut_0p075_rho_0p3,generations,960,false,960,8,0.270,9,1.000,0.100,6.500,0.055,0.075,0.300,385,unsuccessful,flat,false,false,false,false,not_reached,not_reached,not_reached,95,0.402,710,0.428,322,0.155,0,0.843,0.776,0.334,0.247,0.247,0.087,0.132,0.581,3.865,1030.178
generations_960_alpha_0p1_mut_0p075_rho_0p3,generations,960,false,960,8,0.270,9,1.000,0.100,6.500,0.055,0.075,0.300,386,unsuccessful,flat,false,false,false,false,not_reached,not_reached,not_reached,19,0.423,553,0.452,33,0.163,0,0.731,0.847,0.123,0.152,0.123,0.029,0.160,0.584,3.875,1026.352
generations_960_alpha_0p1_mut_0p075_rho_0p3,generations,960,false,960,8,0.270,9,1.000,0.100,6.500,0.055,0.075,0.300,387,unsuccessful,flat,false,false,false,false,not_reached,not_reached,not_reached,44,0.352,39,0.448,778,0.169,0,0.757,0.831,0.268,0.172,0.172,0.096,0.129,0.577,3.733,1033.155
generations_960_alpha_0p1_mut_0p075_rho_0p3,generations,960,false,960,8,0.270,9,1.000,0.100,6.500,0.055,0.075,0.300,388,unsuccessful,flat,false,false,false,false,not_reached,not_reached,not_reached,80,0.403,50,0.405,463,0.162,0,0.792,0.803,0.219,0.189,0.189,0.030,0.122,0.598,3.969,1008.894
generations_960_alpha_0p1_mut_0p075_rho_0p3,generations,960,false,960,8,0.270,9,1.000,0.100,6.500,0.055,0.075,0.300,389,unsuccessful,flat,false,false,false,false,not_reached,not_reached,not_reached,48,0.456,779,0.376,485,0.151,0,0.765,0.845,0.153,0.136,0.136,0.017,0.152,0.607,4.104,1025.967
generations_960_alpha_0p1_mut_0p075_rho_0p3,generations,960,false,960,8,0.270,9,1.000,0.100,6.500,0.055,0.075,0.300,390,unsuccessful,flat,false,false,false,false,not_reached,not_reached,not_reached,65,0.304,567,0.386,159,0.159,0,0.767,0.843,0.210,0.370,0.210,0.160,0.196,0.575,3.801,1026.947
generations_960_alpha_0p1_mut_0p075_rho_0p3,generations,960,false,960,8,0.270,9,1.000,0.100,6.500,0.055,0.075,0.300,391,unsuccessful,flat,false,false,false,false,not_reached,not_reached,not_reached,21,0.353,408,0.465,308,0.157,0,0.864,0.779,0.232,0.317,0.232,0.085,0.119,0.568,3.665,1017.221
generations_960_alpha_0p1_mut_0p075_rho_0p3,generations,960,false,960,8,0.270,9,1.000,0.100,6.500,0.055,0.075,0.300,392,unsuccessful,flat,false,false,false,false,not_reached,not_reached,not_reached,53,0.390,54,0.437,402,0.162,0,0.803,0.821,0.239,0.262,0.239,0.023,0.164,0.593,3.875,1018.992
generations_960_alpha_0p1_mut_0p075_rho_0p3,generations,960,false,960,8,0.270,9,1.000,0.100,6.500,0.055,0.075,0.300,393,unsuccessful,flat,false,false,false,false,not_reached,not_reached,34,33,0.544,34,0.384,234,0.182,0,0.916,0.821,0.189,0.156,0.156,0.033,0.176,0.610,4.087,1023.193
generations_960_alpha_0p1_mut_0p075_rho_0p3,generations,960,false,960,8,0.270,9,1.000,0.100,6.500,0.055,0.075,0.300,395,unsuccessful,partial_transposition,false,false,false,false,not_reached,not_reached,not_reached,58,0.346,639,0.441,249,0.168,0,0.740,0.816,0.304,0.277,0.277,0.027,0.157,0.582,3.785,1022.141
generations_960_alpha_0p1_mut_0p075_rho_0p3,generations,960,false,960,8,0.270,9,1.000,0.100,6.500,0.055,0.075,0.300,394,unsuccessful,flat,false,false,false,false,not_reached,not_reached,not_reached,65,0.364,334,0.396,935,0.157,0,0.875,0.797,0.198,0.309,0.198,0.111,0.131,0.605,4.067,1029.712
generations_960_alpha_0p1_mut_0p075_rho_0p3,generations,960,false,960,8,0.270,9,1.000,0.100,6.500,0.055,0.075,0.300,397,unsuccessful,flat,false,false,false,false,not_reached,not_reached,not_reached,17,0.370,343,0.406,677,0.148,0,0.778,0.818,0.216,0.246,0.216,0.030,0.264,0.589,3.831,1010.945
generations_960_alpha_0p1_mut_0p075_rho_0p3,generations,960,false,960,8,0.270,9,1.000,0.100,6.500,0.055,0.075,0.300,396,unsuccessful,gravity_without_vertical,false,true,false,false,36,not_reached,not_reached,29,0.341,87,0.537,38,0.186,0,0.761,0.858,0.298,0.391,0.298,0.094,0.120,0.604,3.989,1018.551
generations_960_alpha_0p1_mut_0p075_rho_0p3,generations,960,false,960,8,0.270,9,1.000,0.100,6.500,0.055,0.075,0.300,398,unsuccessful,flat,false,false,false,false,not_reached,not_reached,not_reached,19,0.286,456,0.500,25,0.171,0,0.742,0.877,0.215,0.131,0.131,0.084,0.149,0.599,3.971,1019.390
generations_960_alpha_0p1_mut_0p075_rho_0p3,generations,960,false,960,8,0.270,9,1.000,0.100,6.500,0.055,0.075,0.300,399,unsuccessful,flat,false,false,false,false,not_reached,not_reached,not_reached,66,0.479,28,0.392,464,0.189,0,0.781,0.854,0.199,0.266,0.199,0.067,0.134,0.592,3.846,1016.351
